case_id,replicate_id,baseline_status,baseline_compile_success,baseline_generated_file_count,baseline_oracle_requirement_recall,baseline_oracle_semantic_score,control_status,control_compile_success,control_generated_file_count,control_oracle_requirement_recall,control_oracle_semantic_score,requirements_drop_status,requirements_drop_compile_success,requirements_drop_generated_file_count,requirements_drop_oracle_requirement_recall,requirements_drop_oracle_semantic_score,sml_rule_drop_status,sml_rule_drop_compile_success,sml_rule_drop_generated_file_count,sml_rule_drop_oracle_requirement_recall,sml_rule_drop_oracle_semantic_score,generated_tree_drop_status,generated_tree_drop_compile_success,generated_tree_drop_generated_file_count,generated_tree_drop_oracle_requirement_recall,generated_tree_drop_oracle_semantic_score,intended_evolution_status,intended_evolution_compile_success,intended_evolution_generated_file_count,intended_evolution_oracle_requirement_recall,intended_evolution_oracle_semantic_score
SSMB2-001,R00,REJECTED,False,0,1.0,0.9761904761904762,REJECTED,False,0,1.0,0.9761904761904762,REJECTED,False,0,0.75,0.8761904761904762,REJECTED,False,0,1.0,0.8261904761904761,REJECTED,False,0,1.0,0.9761904761904762,REJECTED,False,0,1.0,0.9761904761904762
SSMB2-001,R01,REJECTED,False,0,1.0,0.9761904761904762,REJECTED,False,0,1.0,0.9761904761904762,REJECTED,False,0,0.75,0.8761904761904762,REJECTED,False,0,1.0,0.8261904761904761,REJECTED,False,0,1.0,0.9761904761904762,REJECTED,False,0,1.0,0.9761904761904762
SSMB2-001,R02,REJECTED,False,0,1.0,0.9761904761904762,REJECTED,False,0,1.0,0.9761904761904762,REJECTED,False,0,0.75,0.8761904761904762,REJECTED,False,0,1.0,0.8261904761904761,REJECTED,False,0,1.0,0.9761904761904762,REJECTED,False,0,1.0,0.9761904761904762
SSMB2-001,R03,REJECTED,False,0,1.0,0.9761904761904762,REJECTED,False,0,1.0,0.9761904761904762,REJECTED,False,0,0.75,0.8761904761904762,REJECTED,False,0,1.0,0.8261904761904761,REJECTED,False,0,1.0,0.9761904761904762,REJECTED,False,0,1.0,0.9761904761904762
SSMB2-001,R04,REJECTED,False,0,1.0,0.9761904761904762,REJECTED,False,0,1.0,0.9761904761904762,REJECTED,False,0,0.75,0.8761904761904762,REJECTED,False,0,1.0,0.8261904761904761,REJECTED,False,0,1.0,0.9761904761904762,REJECTED,False,0,1.0,0.9761904761904762
SSMB2-001,R05,REJECTED,False,0,1.0,0.9761904761904762,REJECTED,False,0,1.0,0.9761904761904762,REJECTED,False,0,0.75,0.8761904761904762,REJECTED,False,0,1.0,0.8261904761904761,REJECTED,False,0,1.0,0.9761904761904762,REJECTED,False,0,1.0,0.9761904761904762
SSMB2-001,R06,REJECTED,False,0,1.0,0.9761904761904762,REJECTED,False,0,1.0,0.9761904761904762,REJECTED,False,0,0.75,0.8761904761904762,REJECTED,False,0,1.0,0.8261904761904761,REJECTED,False,0,1.0,0.9761904761904762,REJECTED,False,0,1.0,0.9761904761904762
SSMB2-001,R07,REJECTED,False,0,1.0,0.9761904761904762,REJECTED,False,0,1.0,0.9761904761904762,REJECTED,False,0,0.75,0.8761904761904762,REJECTED,False,0,1.0,0.8261904761904761,REJECTED,False,0,1.0,0.9761904761904762,REJECTED,False,0,1.0,0.9761904761904762
SSMB2-001,R08,REJECTED,False,0,1.0,0.9761904761904762,REJECTED,False,0,1.0,0.9761904761904762,REJECTED,False,0,0.75,0.8761904761904762,REJECTED,False,0,1.0,0.8261904761904761,REJECTED,False,0,1.0,0.9761904761904762,REJECTED,False,0,1.0,0.9761904761904762
SSMB2-001,R09,REJECTED,False,0,1.0,0.9761904761904762,REJECTED,False,0,1.0,0.9761904761904762,REJECTED,False,0,0.75,0.8761904761904762,REJECTED,False,0,1.0,0.8261904761904761,REJECTED,False,0,1.0,0.9761904761904762,REJECTED,False,0,1.0,0.9761904761904762
SSMB2-002,R00,CONDITIONAL,True,76,1.0,0.9722222222222222,CONDITIONAL,True,76,1.0,0.9722222222222222,CONDITIONAL,True,76,0.75,0.8722222222222222,CONDITIONAL,False,76,1.0,0.8222222222222222,CONDITIONAL,False,76,1.0,0.9722222222222222,CONDITIONAL,True,77,1.0,0.9722222222222222
SSMB2-002,R01,CONDITIONAL,True,76,1.0,0.9722222222222222,CONDITIONAL,True,76,1.0,0.9722222222222222,CONDITIONAL,True,76,0.75,0.8722222222222222,CONDITIONAL,False,76,1.0,0.8222222222222222,CONDITIONAL,False,76,1.0,0.9722222222222222,CONDITIONAL,True,77,1.0,0.9722222222222222
SSMB2-002,R02,CONDITIONAL,True,76,1.0,0.9722222222222222,CONDITIONAL,True,76,1.0,0.9722222222222222,CONDITIONAL,True,76,0.75,0.8722222222222222,CONDITIONAL,False,76,1.0,0.8222222222222222,CONDITIONAL,False,76,1.0,0.9722222222222222,CONDITIONAL,True,77,1.0,0.9722222222222222
SSMB2-002,R03,CONDITIONAL,True,76,1.0,0.9722222222222222,CONDITIONAL,True,76,1.0,0.9722222222222222,CONDITIONAL,True,76,0.75,0.8722222222222222,CONDITIONAL,False,76,1.0,0.8222222222222222,CONDITIONAL,False,76,1.0,0.9722222222222222,CONDITIONAL,True,77,1.0,0.9722222222222222
SSMB2-002,R04,CONDITIONAL,True,76,1.0,0.9722222222222222,CONDITIONAL,True,76,1.0,0.9722222222222222,CONDITIONAL,True,76,0.75,0.8722222222222222,CONDITIONAL,False,76,1.0,0.8222222222222222,CONDITIONAL,False,76,1.0,0.9722222222222222,CONDITIONAL,True,77,1.0,0.9722222222222222
SSMB2-002,R05,CONDITIONAL,True,76,1.0,0.9722222222222222,CONDITIONAL,True,76,1.0,0.9722222222222222,CONDITIONAL,True,76,0.75,0.8722222222222222,CONDITIONAL,False,76,1.0,0.8222222222222222,CONDITIONAL,False,76,1.0,0.9722222222222222,CONDITIONAL,True,77,1.0,0.9722222222222222
SSMB2-002,R06,CONDITIONAL,True,76,1.0,0.9722222222222222,CONDITIONAL,True,76,1.0,0.9722222222222222,CONDITIONAL,True,76,0.75,0.8722222222222222,CONDITIONAL,False,76,1.0,0.8222222222222222,CONDITIONAL,False,76,1.0,0.9722222222222222,CONDITIONAL,True,77,1.0,0.9722222222222222
SSMB2-002,R07,CONDITIONAL,True,76,1.0,0.9722222222222222,CONDITIONAL,True,76,1.0,0.9722222222222222,CONDITIONAL,True,76,0.75,0.8722222222222222,CONDITIONAL,False,76,1.0,0.8222222222222222,CONDITIONAL,False,76,1.0,0.9722222222222222,CONDITIONAL,True,77,1.0,0.9722222222222222
SSMB2-002,R08,CONDITIONAL,True,76,1.0,0.9722222222222222,CONDITIONAL,True,76,1.0,0.9722222222222222,CONDITIONAL,True,76,0.75,0.8722222222222222,CONDITIONAL,False,76,1.0,0.8222222222222222,CONDITIONAL,False,76,1.0,0.9722222222222222,CONDITIONAL,True,77,1.0,0.9722222222222222
SSMB2-002,R09,CONDITIONAL,True,76,1.0,0.9722222222222222,CONDITIONAL,True,76,1.0,0.9722222222222222,CONDITIONAL,True,76,0.75,0.8722222222222222,CONDITIONAL,False,76,1.0,0.8222222222222222,CONDITIONAL,False,76,1.0,0.9722222222222222,CONDITIONAL,True,77,1.0,0.9722222222222222
SSMB2-003,R00,REJECTED,False,0,1.0,1.0,REJECTED,False,0,1.0,1.0,REJECTED,False,0,1.0,1.0,REJECTED,False,0,1.0,1.0,REJECTED,False,0,1.0,1.0,REJECTED,False,0,1.0,1.0
SSMB2-003,R01,REJECTED,False,0,1.0,1.0,REJECTED,False,0,1.0,1.0,REJECTED,False,0,1.0,1.0,REJECTED,False,0,1.0,1.0,REJECTED,False,0,1.0,1.0,REJECTED,False,0,1.0,1.0
SSMB2-003,R02,REJECTED,False,0,1.0,1.0,REJECTED,False,0,1.0,1.0,REJECTED,False,0,1.0,1.0,REJECTED,False,0,1.0,1.0,REJECTED,False,0,1.0,1.0,REJECTED,False,0,1.0,1.0
SSMB2-003,R03,REJECTED,False,0,1.0,1.0,REJECTED,False,0,1.0,1.0,REJECTED,False,0,1.0,1.0,REJECTED,False,0,1.0,1.0,REJECTED,False,0,1.0,1.0,REJECTED,False,0,1.0,1.0
SSMB2-003,R04,REJECTED,False,0,1.0,1.0,REJECTED,False,0,1.0,1.0,REJECTED,False,0,1.0,1.0,REJECTED,False,0,1.0,1.0,REJECTED,False,0,1.0,1.0,REJECTED,False,0,1.0,1.0
SSMB2-003,R05,REJECTED,False,0,1.0,1.0,REJECTED,False,0,1.0,1.0,REJECTED,False,0,1.0,1.0,REJECTED,False,0,1.0,1.0,REJECTED,False,0,1.0,1.0,REJECTED,False,0,1.0,1.0
SSMB2-003,R06,REJECTED,False,0,1.0,1.0,REJECTED,False,0,1.0,1.0,REJECTED,False,0,1.0,1.0,REJECTED,False,0,1.0,1.0,REJECTED,False,0,1.0,1.0,REJECTED,False,0,1.0,1.0
SSMB2-003,R07,REJECTED,False,0,1.0,1.0,REJECTED,False,0,1.0,1.0,REJECTED,False,0,1.0,1.0,REJECTED,False,0,1.0,1.0,REJECTED,False,0,1.0,1.0,REJECTED,False,0,1.0,1.0
SSMB2-003,R08,REJECTED,False,0,1.0,1.0,REJECTED,False,0,1.0,1.0,REJECTED,False,0,1.0,1.0,REJECTED,False,0,1.0,1.0,REJECTED,False,0,1.0,1.0,REJECTED,False,0,1.0,1.0
SSMB2-003,R09,REJECTED,False,0,1.0,1.0,REJECTED,False,0,1.0,1.0,REJECTED,False,0,1.0,1.0,REJECTED,False,0,1.0,1.0,REJECTED,False,0,1.0,1.0,REJECTED,False,0,1.0,1.0
SSMB2-004,R00,CONDITIONAL,True,94,1.0,0.9666666666666667,CONDITIONAL,True,94,1.0,0.9666666666666667,CONDITIONAL,True,94,0.75,0.8666666666666667,CONDITIONAL,True,94,1.0,0.9666666666666667,CONDITIONAL,False,94,1.0,0.9666666666666667,CONDITIONAL,True,95,1.0,0.9666666666666667
SSMB2-004,R01,CONDITIONAL,True,94,1.0,0.9666666666666667,CONDITIONAL,True,94,1.0,0.9666666666666667,CONDITIONAL,True,94,0.75,0.8666666666666667,CONDITIONAL,True,94,1.0,0.9666666666666667,CONDITIONAL,False,94,1.0,0.9666666666666667,CONDITIONAL,True,95,1.0,0.9666666666666667
SSMB2-004,R02,CONDITIONAL,True,94,1.0,0.9666666666666667,CONDITIONAL,True,94,1.0,0.9666666666666667,CONDITIONAL,True,94,0.75,0.8666666666666667,CONDITIONAL,True,94,1.0,0.9666666666666667,CONDITIONAL,False,94,1.0,0.9666666666666667,CONDITIONAL,True,95,1.0,0.9666666666666667
SSMB2-004,R03,CONDITIONAL,True,94,1.0,0.9666666666666667,CONDITIONAL,True,94,1.0,0.9666666666666667,CONDITIONAL,True,94,0.75,0.8666666666666667,CONDITIONAL,True,94,1.0,0.9666666666666667,CONDITIONAL,False,94,1.0,0.9666666666666667,CONDITIONAL,True,95,1.0,0.9666666666666667
SSMB2-004,R04,CONDITIONAL,True,94,1.0,0.9666666666666667,CONDITIONAL,True,94,1.0,0.9666666666666667,CONDITIONAL,True,94,0.75,0.8666666666666667,CONDITIONAL,True,94,1.0,0.9666666666666667,CONDITIONAL,False,94,1.0,0.9666666666666667,CONDITIONAL,True,95,1.0,0.9666666666666667
SSMB2-004,R05,CONDITIONAL,True,94,1.0,0.9666666666666667,CONDITIONAL,True,94,1.0,0.9666666666666667,CONDITIONAL,True,94,0.75,0.8666666666666667,CONDITIONAL,True,94,1.0,0.9666666666666667,CONDITIONAL,False,94,1.0,0.9666666666666667,CONDITIONAL,True,95,1.0,0.9666666666666667
SSMB2-004,R06,CONDITIONAL,True,94,1.0,0.9666666666666667,CONDITIONAL,True,94,1.0,0.9666666666666667,CONDITIONAL,True,94,0.75,0.8666666666666667,CONDITIONAL,True,94,1.0,0.9666666666666667,CONDITIONAL,False,94,1.0,0.9666666666666667,CONDITIONAL,True,95,1.0,0.9666666666666667
SSMB2-004,R07,CONDITIONAL,True,94,1.0,0.9666666666666667,CONDITIONAL,True,94,1.0,0.9666666666666667,CONDITIONAL,True,94,0.75,0.8666666666666667,CONDITIONAL,True,94,1.0,0.9666666666666667,CONDITIONAL,False,94,1.0,0.9666666666666667,CONDITIONAL,True,95,1.0,0.9666666666666667
SSMB2-004,R08,CONDITIONAL,True,94,1.0,0.9666666666666667,CONDITIONAL,True,94,1.0,0.9666666666666667,CONDITIONAL,True,94,0.75,0.8666666666666667,CONDITIONAL,True,94,1.0,0.9666666666666667,CONDITIONAL,False,94,1.0,0.9666666666666667,CONDITIONAL,True,95,1.0,0.9666666666666667
SSMB2-004,R09,CONDITIONAL,True,94,1.0,0.9666666666666667,CONDITIONAL,True,94,1.0,0.9666666666666667,CONDITIONAL,True,94,0.75,0.8666666666666667,CONDITIONAL,True,94,1.0,0.9666666666666667,CONDITIONAL,False,94,1.0,0.9666666666666667,CONDITIONAL,True,95,1.0,0.9666666666666667
SSMB2-005,R00,CONDITIONAL,True,94,1.0,1.0,CONDITIONAL,True,94,1.0,1.0,CONDITIONAL,True,94,0.75,0.9,CONDITIONAL,False,94,1.0,0.85,CONDITIONAL,False,94,1.0,1.0,CONDITIONAL,True,95,1.0,1.0
SSMB2-005,R01,CONDITIONAL,True,94,1.0,1.0,CONDITIONAL,True,94,1.0,1.0,CONDITIONAL,True,94,0.75,0.9,CONDITIONAL,False,94,1.0,0.85,CONDITIONAL,False,94,1.0,1.0,CONDITIONAL,True,95,1.0,1.0
SSMB2-005,R02,CONDITIONAL,True,94,1.0,1.0,CONDITIONAL,True,94,1.0,1.0,CONDITIONAL,True,94,0.75,0.9,CONDITIONAL,False,94,1.0,0.85,CONDITIONAL,False,94,1.0,1.0,CONDITIONAL,True,95,1.0,1.0
SSMB2-005,R03,CONDITIONAL,True,94,1.0,1.0,CONDITIONAL,True,94,1.0,1.0,CONDITIONAL,True,94,0.75,0.9,CONDITIONAL,False,94,1.0,0.85,CONDITIONAL,False,94,1.0,1.0,CONDITIONAL,True,95,1.0,1.0
SSMB2-005,R04,CONDITIONAL,True,94,1.0,1.0,CONDITIONAL,True,94,1.0,1.0,CONDITIONAL,True,94,0.75,0.9,CONDITIONAL,False,94,1.0,0.85,CONDITIONAL,False,94,1.0,1.0,CONDITIONAL,True,95,1.0,1.0
SSMB2-005,R05,CONDITIONAL,True,94,1.0,1.0,CONDITIONAL,True,94,1.0,1.0,CONDITIONAL,True,94,0.75,0.9,CONDITIONAL,False,94,1.0,0.85,CONDITIONAL,False,94,1.0,1.0,CONDITIONAL,True,95,1.0,1.0
SSMB2-005,R06,CONDITIONAL,True,94,1.0,1.0,CONDITIONAL,True,94,1.0,1.0,CONDITIONAL,True,94,0.75,0.9,CONDITIONAL,False,94,1.0,0.85,CONDITIONAL,False,94,1.0,1.0,CONDITIONAL,True,95,1.0,1.0
SSMB2-005,R07,CONDITIONAL,True,94,1.0,1.0,CONDITIONAL,True,94,1.0,1.0,CONDITIONAL,True,94,0.75,0.9,CONDITIONAL,False,94,1.0,0.85,CONDITIONAL,False,94,1.0,1.0,CONDITIONAL,True,95,1.0,1.0
SSMB2-005,R08,CONDITIONAL,True,94,1.0,1.0,CONDITIONAL,True,94,1.0,1.0,CONDITIONAL,True,94,0.75,0.9,CONDITIONAL,False,94,1.0,0.85,CONDITIONAL,False,94,1.0,1.0,CONDITIONAL,True,95,1.0,1.0
SSMB2-005,R09,CONDITIONAL,True,94,1.0,1.0,CONDITIONAL,True,94,1.0,1.0,CONDITIONAL,True,94,0.75,0.9,CONDITIONAL,False,94,1.0,0.85,CONDITIONAL,False,94,1.0,1.0,CONDITIONAL,True,95,1.0,1.0
SSMB2-006,R00,CONDITIONAL,True,81,1.0,1.0,CONDITIONAL,True,81,1.0,1.0,CONDITIONAL,True,81,0.75,0.9,CONDITIONAL,False,81,1.0,0.85,CONDITIONAL,False,81,1.0,1.0,CONDITIONAL,True,82,1.0,1.0
SSMB2-006,R01,CONDITIONAL,True,81,1.0,1.0,CONDITIONAL,True,81,1.0,1.0,CONDITIONAL,True,81,0.75,0.9,CONDITIONAL,False,81,1.0,0.85,CONDITIONAL,False,81,1.0,1.0,CONDITIONAL,True,82,1.0,1.0
SSMB2-006,R02,CONDITIONAL,True,81,1.0,1.0,CONDITIONAL,True,81,1.0,1.0,CONDITIONAL,True,81,0.75,0.9,CONDITIONAL,False,81,1.0,0.85,CONDITIONAL,False,81,1.0,1.0,CONDITIONAL,True,82,1.0,1.0
SSMB2-006,R03,CONDITIONAL,True,81,1.0,1.0,CONDITIONAL,True,81,1.0,1.0,CONDITIONAL,True,81,0.75,0.9,CONDITIONAL,False,81,1.0,0.85,CONDITIONAL,False,81,1.0,1.0,CONDITIONAL,True,82,1.0,1.0
SSMB2-006,R04,CONDITIONAL,True,81,1.0,1.0,CONDITIONAL,True,81,1.0,1.0,CONDITIONAL,True,81,0.75,0.9,CONDITIONAL,False,81,1.0,0.85,CONDITIONAL,False,81,1.0,1.0,CONDITIONAL,True,82,1.0,1.0
SSMB2-006,R05,CONDITIONAL,True,81,1.0,1.0,CONDITIONAL,True,81,1.0,1.0,CONDITIONAL,True,81,0.75,0.9,CONDITIONAL,False,81,1.0,0.85,CONDITIONAL,False,81,1.0,1.0,CONDITIONAL,True,82,1.0,1.0
SSMB2-006,R06,CONDITIONAL,True,81,1.0,1.0,CONDITIONAL,True,81,1.0,1.0,CONDITIONAL,True,81,0.75,0.9,CONDITIONAL,False,81,1.0,0.85,CONDITIONAL,False,81,1.0,1.0,CONDITIONAL,True,82,1.0,1.0
SSMB2-006,R07,CONDITIONAL,True,81,1.0,1.0,CONDITIONAL,True,81,1.0,1.0,CONDITIONAL,True,81,0.75,0.9,CONDITIONAL,False,81,1.0,0.85,CONDITIONAL,False,81,1.0,1.0,CONDITIONAL,True,82,1.0,1.0
SSMB2-006,R08,CONDITIONAL,True,81,1.0,1.0,CONDITIONAL,True,81,1.0,1.0,CONDITIONAL,True,81,0.75,0.9,CONDITIONAL,False,81,1.0,0.85,CONDITIONAL,False,81,1.0,1.0,CONDITIONAL,True,82,1.0,1.0
SSMB2-006,R09,CONDITIONAL,True,81,1.0,1.0,CONDITIONAL,True,81,1.0,1.0,CONDITIONAL,True,81,0.75,0.9,CONDITIONAL,False,81,1.0,0.85,CONDITIONAL,False,81,1.0,1.0,CONDITIONAL,True,82,1.0,1.0
SSMB2-007,R00,REJECTED,False,0,1.0,0.9523809523809523,REJECTED,False,0,1.0,0.9523809523809523,REJECTED,False,0,0.75,0.8523809523809524,REJECTED,False,0,1.0,0.8023809523809523,REJECTED,False,0,1.0,0.9523809523809523,REJECTED,False,0,1.0,0.9523809523809523
SSMB2-007,R01,REJECTED,False,0,1.0,0.9523809523809523,REJECTED,False,0,1.0,0.9523809523809523,REJECTED,False,0,0.75,0.8523809523809524,REJECTED,False,0,1.0,0.8023809523809523,REJECTED,False,0,1.0,0.9523809523809523,REJECTED,False,0,1.0,0.9523809523809523
SSMB2-007,R02,REJECTED,False,0,1.0,0.9523809523809523,REJECTED,False,0,1.0,0.9523809523809523,REJECTED,False,0,0.75,0.8523809523809524,REJECTED,False,0,1.0,0.8023809523809523,REJECTED,False,0,1.0,0.9523809523809523,REJECTED,False,0,1.0,0.9523809523809523
SSMB2-007,R03,REJECTED,False,0,1.0,0.9523809523809523,REJECTED,False,0,1.0,0.9523809523809523,REJECTED,False,0,0.75,0.8523809523809524,REJECTED,False,0,1.0,0.8023809523809523,REJECTED,False,0,1.0,0.9523809523809523,REJECTED,False,0,1.0,0.9523809523809523
SSMB2-007,R04,REJECTED,False,0,1.0,0.9523809523809523,REJECTED,False,0,1.0,0.9523809523809523,REJECTED,False,0,0.75,0.8523809523809524,REJECTED,False,0,1.0,0.8023809523809523,REJECTED,False,0,1.0,0.9523809523809523,REJECTED,False,0,1.0,0.9523809523809523
SSMB2-007,R05,REJECTED,False,0,1.0,0.9523809523809523,REJECTED,False,0,1.0,0.9523809523809523,REJECTED,False,0,0.75,0.8523809523809524,REJECTED,False,0,1.0,0.8023809523809523,REJECTED,False,0,1.0,0.9523809523809523,REJECTED,False,0,1.0,0.9523809523809523
SSMB2-007,R06,REJECTED,False,0,1.0,0.9523809523809523,REJECTED,False,0,1.0,0.9523809523809523,REJECTED,False,0,0.75,0.8523809523809524,REJECTED,False,0,1.0,0.8023809523809523,REJECTED,False,0,1.0,0.9523809523809523,REJECTED,False,0,1.0,0.9523809523809523
SSMB2-007,R07,REJECTED,False,0,1.0,0.9523809523809523,REJECTED,False,0,1.0,0.9523809523809523,REJECTED,False,0,0.75,0.8523809523809524,REJECTED,False,0,1.0,0.8023809523809523,REJECTED,False,0,1.0,0.9523809523809523,REJECTED,False,0,1.0,0.9523809523809523
SSMB2-007,R08,REJECTED,False,0,1.0,0.9523809523809523,REJECTED,False,0,1.0,0.9523809523809523,REJECTED,False,0,0.75,0.8523809523809524,REJECTED,False,0,1.0,0.8023809523809523,REJECTED,False,0,1.0,0.9523809523809523,REJECTED,False,0,1.0,0.9523809523809523
SSMB2-007,R09,REJECTED,False,0,1.0,0.9523809523809523,REJECTED,False,0,1.0,0.9523809523809523,REJECTED,False,0,0.75,0.8523809523809524,REJECTED,False,0,1.0,0.8023809523809523,REJECTED,False,0,1.0,0.9523809523809523,REJECTED,False,0,1.0,0.9523809523809523
SSMB2-008,R00,CONDITIONAL,True,94,1.0,1.0,CONDITIONAL,True,94,1.0,1.0,CONDITIONAL,True,94,0.75,0.9,CONDITIONAL,True,94,1.0,1.0,CONDITIONAL,False,94,1.0,1.0,CONDITIONAL,True,95,1.0,1.0
SSMB2-008,R01,CONDITIONAL,True,94,1.0,1.0,CONDITIONAL,True,94,1.0,1.0,CONDITIONAL,True,94,0.75,0.9,CONDITIONAL,True,94,1.0,1.0,CONDITIONAL,False,94,1.0,1.0,CONDITIONAL,True,95,1.0,1.0
SSMB2-008,R02,CONDITIONAL,True,94,1.0,1.0,CONDITIONAL,True,94,1.0,1.0,CONDITIONAL,True,94,0.75,0.9,CONDITIONAL,True,94,1.0,1.0,CONDITIONAL,False,94,1.0,1.0,CONDITIONAL,True,95,1.0,1.0
SSMB2-008,R03,CONDITIONAL,True,94,1.0,1.0,CONDITIONAL,True,94,1.0,1.0,CONDITIONAL,True,94,0.75,0.9,CONDITIONAL,True,94,1.0,1.0,CONDITIONAL,False,94,1.0,1.0,CONDITIONAL,True,95,1.0,1.0
SSMB2-008,R04,CONDITIONAL,True,94,1.0,1.0,CONDITIONAL,True,94,1.0,1.0,CONDITIONAL,True,94,0.75,0.9,CONDITIONAL,True,94,1.0,1.0,CONDITIONAL,False,94,1.0,1.0,CONDITIONAL,True,95,1.0,1.0
SSMB2-008,R05,CONDITIONAL,True,94,1.0,1.0,CONDITIONAL,True,94,1.0,1.0,CONDITIONAL,True,94,0.75,0.9,CONDITIONAL,True,94,1.0,1.0,CONDITIONAL,False,94,1.0,1.0,CONDITIONAL,True,95,1.0,1.0
SSMB2-008,R06,CONDITIONAL,True,94,1.0,1.0,CONDITIONAL,True,94,1.0,1.0,CONDITIONAL,True,94,0.75,0.9,CONDITIONAL,True,94,1.0,1.0,CONDITIONAL,False,94,1.0,1.0,CONDITIONAL,True,95,1.0,1.0
SSMB2-008,R07,CONDITIONAL,True,94,1.0,1.0,CONDITIONAL,True,94,1.0,1.0,CONDITIONAL,True,94,0.75,0.9,CONDITIONAL,True,94,1.0,1.0,CONDITIONAL,False,94,1.0,1.0,CONDITIONAL,True,95,1.0,1.0
SSMB2-008,R08,CONDITIONAL,True,94,1.0,1.0,CONDITIONAL,True,94,1.0,1.0,CONDITIONAL,True,94,0.75,0.9,CONDITIONAL,True,94,1.0,1.0,CONDITIONAL,False,94,1.0,1.0,CONDITIONAL,True,95,1.0,1.0
SSMB2-008,R09,CONDITIONAL,True,94,1.0,1.0,CONDITIONAL,True,94,1.0,1.0,CONDITIONAL,True,94,0.75,0.9,CONDITIONAL,True,94,1.0,1.0,CONDITIONAL,False,94,1.0,1.0,CONDITIONAL,True,95,1.0,1.0
SSMB2-009,R00,CONDITIONAL,True,88,1.0,1.0,CONDITIONAL,True,88,1.0,1.0,CONDITIONAL,True,88,0.75,0.9,CONDITIONAL,True,88,1.0,1.0,CONDITIONAL,False,88,1.0,1.0,CONDITIONAL,True,89,1.0,1.0
SSMB2-009,R01,CONDITIONAL,True,88,1.0,1.0,CONDITIONAL,True,88,1.0,1.0,CONDITIONAL,True,88,0.75,0.9,CONDITIONAL,True,88,1.0,1.0,CONDITIONAL,False,88,1.0,1.0,CONDITIONAL,True,89,1.0,1.0
SSMB2-009,R02,CONDITIONAL,True,88,1.0,1.0,CONDITIONAL,True,88,1.0,1.0,CONDITIONAL,True,88,0.75,0.9,CONDITIONAL,True,88,1.0,1.0,CONDITIONAL,False,88,1.0,1.0,CONDITIONAL,True,89,1.0,1.0
SSMB2-009,R03,CONDITIONAL,True,88,1.0,1.0,CONDITIONAL,True,88,1.0,1.0,CONDITIONAL,True,88,0.75,0.9,CONDITIONAL,True,88,1.0,1.0,CONDITIONAL,False,88,1.0,1.0,CONDITIONAL,True,89,1.0,1.0
SSMB2-009,R04,CONDITIONAL,True,88,1.0,1.0,CONDITIONAL,True,88,1.0,1.0,CONDITIONAL,True,88,0.75,0.9,CONDITIONAL,True,88,1.0,1.0,CONDITIONAL,False,88,1.0,1.0,CONDITIONAL,True,89,1.0,1.0
SSMB2-009,R05,CONDITIONAL,True,88,1.0,1.0,CONDITIONAL,True,88,1.0,1.0,CONDITIONAL,True,88,0.75,0.9,CONDITIONAL,True,88,1.0,1.0,CONDITIONAL,False,88,1.0,1.0,CONDITIONAL,True,89,1.0,1.0
SSMB2-009,R06,CONDITIONAL,True,88,1.0,1.0,CONDITIONAL,True,88,1.0,1.0,CONDITIONAL,True,88,0.75,0.9,CONDITIONAL,True,88,1.0,1.0,CONDITIONAL,False,88,1.0,1.0,CONDITIONAL,True,89,1.0,1.0
SSMB2-009,R07,CONDITIONAL,True,88,1.0,1.0,CONDITIONAL,True,88,1.0,1.0,CONDITIONAL,True,88,0.75,0.9,CONDITIONAL,True,88,1.0,1.0,CONDITIONAL,False,88,1.0,1.0,CONDITIONAL,True,89,1.0,1.0
SSMB2-009,R08,CONDITIONAL,True,88,1.0,1.0,CONDITIONAL,True,88,1.0,1.0,CONDITIONAL,True,88,0.75,0.9,CONDITIONAL,True,88,1.0,1.0,CONDITIONAL,False,88,1.0,1.0,CONDITIONAL,True,89,1.0,1.0
SSMB2-009,R09,CONDITIONAL,True,88,1.0,1.0,CONDITIONAL,True,88,1.0,1.0,CONDITIONAL,True,88,0.75,0.9,CONDITIONAL,True,88,1.0,1.0,CONDITIONAL,False,88,1.0,1.0,CONDITIONAL,True,89,1.0,1.0
SSMB2-010,R00,CONDITIONAL,True,94,1.0,1.0,CONDITIONAL,True,94,1.0,1.0,CONDITIONAL,True,94,0.75,0.9,CONDITIONAL,True,94,1.0,1.0,CONDITIONAL,False,94,1.0,1.0,CONDITIONAL,True,95,1.0,1.0
SSMB2-010,R01,CONDITIONAL,True,94,1.0,1.0,CONDITIONAL,True,94,1.0,1.0,CONDITIONAL,True,94,0.75,0.9,CONDITIONAL,True,94,1.0,1.0,CONDITIONAL,False,94,1.0,1.0,CONDITIONAL,True,95,1.0,1.0
SSMB2-010,R02,CONDITIONAL,True,94,1.0,1.0,CONDITIONAL,True,94,1.0,1.0,CONDITIONAL,True,94,0.75,0.9,CONDITIONAL,True,94,1.0,1.0,CONDITIONAL,False,94,1.0,1.0,CONDITIONAL,True,95,1.0,1.0
SSMB2-010,R03,CONDITIONAL,True,94,1.0,1.0,CONDITIONAL,True,94,1.0,1.0,CONDITIONAL,True,94,0.75,0.9,CONDITIONAL,True,94,1.0,1.0,CONDITIONAL,False,94,1.0,1.0,CONDITIONAL,True,95,1.0,1.0
SSMB2-010,R04,CONDITIONAL,True,94,1.0,1.0,CONDITIONAL,True,94,1.0,1.0,CONDITIONAL,True,94,0.75,0.9,CONDITIONAL,True,94,1.0,1.0,CONDITIONAL,False,94,1.0,1.0,CONDITIONAL,True,95,1.0,1.0
SSMB2-010,R05,CONDITIONAL,True,94,1.0,1.0,CONDITIONAL,True,94,1.0,1.0,CONDITIONAL,True,94,0.75,0.9,CONDITIONAL,True,94,1.0,1.0,CONDITIONAL,False,94,1.0,1.0,CONDITIONAL,True,95,1.0,1.0
SSMB2-010,R06,CONDITIONAL,True,94,1.0,1.0,CONDITIONAL,True,94,1.0,1.0,CONDITIONAL,True,94,0.75,0.9,CONDITIONAL,True,94,1.0,1.0,CONDITIONAL,False,94,1.0,1.0,CONDITIONAL,True,95,1.0,1.0
SSMB2-010,R07,CONDITIONAL,True,94,1.0,1.0,CONDITIONAL,True,94,1.0,1.0,CONDITIONAL,True,94,0.75,0.9,CONDITIONAL,True,94,1.0,1.0,CONDITIONAL,False,94,1.0,1.0,CONDITIONAL,True,95,1.0,1.0
SSMB2-010,R08,CONDITIONAL,True,94,1.0,1.0,CONDITIONAL,True,94,1.0,1.0,CONDITIONAL,True,94,0.75,0.9,CONDITIONAL,True,94,1.0,1.0,CONDITIONAL,False,94,1.0,1.0,CONDITIONAL,True,95,1.0,1.0
SSMB2-010,R09,CONDITIONAL,True,94,1.0,1.0,CONDITIONAL,True,94,1.0,1.0,CONDITIONAL,True,94,0.75,0.9,CONDITIONAL,True,94,1.0,1.0,CONDITIONAL,False,94,1.0,1.0,CONDITIONAL,True,95,1.0,1.0
SSMB2-011,R00,REJECTED,False,0,1.0,0.9666666666666667,REJECTED,False,0,1.0,0.9666666666666667,REJECTED,False,0,0.75,0.8666666666666667,REJECTED,False,0,1.0,0.8166666666666667,REJECTED,False,0,1.0,0.9666666666666667,REJECTED,False,0,1.0,0.9666666666666667
SSMB2-011,R01,REJECTED,False,0,1.0,0.9666666666666667,REJECTED,False,0,1.0,0.9666666666666667,REJECTED,False,0,0.75,0.8666666666666667,REJECTED,False,0,1.0,0.8166666666666667,REJECTED,False,0,1.0,0.9666666666666667,REJECTED,False,0,1.0,0.9666666666666667
SSMB2-011,R02,REJECTED,False,0,1.0,0.9666666666666667,REJECTED,False,0,1.0,0.9666666666666667,REJECTED,False,0,0.75,0.8666666666666667,REJECTED,False,0,1.0,0.8166666666666667,REJECTED,False,0,1.0,0.9666666666666667,REJECTED,False,0,1.0,0.9666666666666667
SSMB2-011,R03,REJECTED,False,0,1.0,0.9666666666666667,REJECTED,False,0,1.0,0.9666666666666667,REJECTED,False,0,0.75,0.8666666666666667,REJECTED,False,0,1.0,0.8166666666666667,REJECTED,False,0,1.0,0.9666666666666667,REJECTED,False,0,1.0,0.9666666666666667
SSMB2-011,R04,REJECTED,False,0,1.0,0.9666666666666667,REJECTED,False,0,1.0,0.9666666666666667,REJECTED,False,0,0.75,0.8666666666666667,REJECTED,False,0,1.0,0.8166666666666667,REJECTED,False,0,1.0,0.9666666666666667,REJECTED,False,0,1.0,0.9666666666666667
SSMB2-011,R05,REJECTED,False,0,1.0,0.9666666666666667,REJECTED,False,0,1.0,0.9666666666666667,REJECTED,False,0,0.75,0.8666666666666667,REJECTED,False,0,1.0,0.8166666666666667,REJECTED,False,0,1.0,0.9666666666666667,REJECTED,False,0,1.0,0.9666666666666667
SSMB2-011,R06,REJECTED,False,0,1.0,0.9666666666666667,REJECTED,False,0,1.0,0.9666666666666667,REJECTED,False,0,0.75,0.8666666666666667,REJECTED,False,0,1.0,0.8166666666666667,REJECTED,False,0,1.0,0.9666666666666667,REJECTED,False,0,1.0,0.9666666666666667
SSMB2-011,R07,REJECTED,False,0,1.0,0.9666666666666667,REJECTED,False,0,1.0,0.9666666666666667,REJECTED,False,0,0.75,0.8666666666666667,REJECTED,False,0,1.0,0.8166666666666667,REJECTED,False,0,1.0,0.9666666666666667,REJECTED,False,0,1.0,0.9666666666666667
SSMB2-011,R08,REJECTED,False,0,1.0,0.9666666666666667,REJECTED,False,0,1.0,0.9666666666666667,REJECTED,False,0,0.75,0.8666666666666667,REJECTED,False,0,1.0,0.8166666666666667,REJECTED,False,0,1.0,0.9666666666666667,REJECTED,False,0,1.0,0.9666666666666667
SSMB2-011,R09,REJECTED,False,0,1.0,0.9666666666666667,REJECTED,False,0,1.0,0.9666666666666667,REJECTED,False,0,0.75,0.8666666666666667,REJECTED,False,0,1.0,0.8166666666666667,REJECTED,False,0,1.0,0.9666666666666667,REJECTED,False,0,1.0,0.9666666666666667
SSMB2-012,R00,CONDITIONAL,True,94,1.0,1.0,CONDITIONAL,True,94,1.0,1.0,CONDITIONAL,True,94,0.75,0.9,CONDITIONAL,True,94,1.0,1.0,CONDITIONAL,False,94,1.0,1.0,CONDITIONAL,True,95,1.0,1.0
SSMB2-012,R01,CONDITIONAL,True,94,1.0,1.0,CONDITIONAL,True,94,1.0,1.0,CONDITIONAL,True,94,0.75,0.9,CONDITIONAL,True,94,1.0,1.0,CONDITIONAL,False,94,1.0,1.0,CONDITIONAL,True,95,1.0,1.0
SSMB2-012,R02,CONDITIONAL,True,94,1.0,1.0,CONDITIONAL,True,94,1.0,1.0,CONDITIONAL,True,94,0.75,0.9,CONDITIONAL,True,94,1.0,1.0,CONDITIONAL,False,94,1.0,1.0,CONDITIONAL,True,95,1.0,1.0
SSMB2-012,R03,CONDITIONAL,True,94,1.0,1.0,CONDITIONAL,True,94,1.0,1.0,CONDITIONAL,True,94,0.75,0.9,CONDITIONAL,True,94,1.0,1.0,CONDITIONAL,False,94,1.0,1.0,CONDITIONAL,True,95,1.0,1.0
SSMB2-012,R04,CONDITIONAL,True,94,1.0,1.0,CONDITIONAL,True,94,1.0,1.0,CONDITIONAL,True,94,0.75,0.9,CONDITIONAL,True,94,1.0,1.0,CONDITIONAL,False,94,1.0,1.0,CONDITIONAL,True,95,1.0,1.0
SSMB2-012,R05,CONDITIONAL,True,94,1.0,1.0,CONDITIONAL,True,94,1.0,1.0,CONDITIONAL,True,94,0.75,0.9,CONDITIONAL,True,94,1.0,1.0,CONDITIONAL,False,94,1.0,1.0,CONDITIONAL,True,95,1.0,1.0
SSMB2-012,R06,CONDITIONAL,True,94,1.0,1.0,CONDITIONAL,True,94,1.0,1.0,CONDITIONAL,True,94,0.75,0.9,CONDITIONAL,True,94,1.0,1.0,CONDITIONAL,False,94,1.0,1.0,CONDITIONAL,True,95,1.0,1.0
SSMB2-012,R07,CONDITIONAL,True,94,1.0,1.0,CONDITIONAL,True,94,1.0,1.0,CONDITIONAL,True,94,0.75,0.9,CONDITIONAL,True,94,1.0,1.0,CONDITIONAL,False,94,1.0,1.0,CONDITIONAL,True,95,1.0,1.0
SSMB2-012,R08,CONDITIONAL,True,94,1.0,1.0,CONDITIONAL,True,94,1.0,1.0,CONDITIONAL,True,94,0.75,0.9,CONDITIONAL,True,94,1.0,1.0,CONDITIONAL,False,94,1.0,1.0,CONDITIONAL,True,95,1.0,1.0
SSMB2-012,R09,CONDITIONAL,True,94,1.0,1.0,CONDITIONAL,True,94,1.0,1.0,CONDITIONAL,True,94,0.75,0.9,CONDITIONAL,True,94,1.0,1.0,CONDITIONAL,False,94,1.0,1.0,CONDITIONAL,True,95,1.0,1.0
SSMB2-013,R00,CONDITIONAL,True,76,1.0,1.0,CONDITIONAL,True,76,1.0,1.0,CONDITIONAL,True,76,0.75,0.9,CONDITIONAL,True,76,1.0,1.0,CONDITIONAL,False,76,1.0,1.0,CONDITIONAL,True,77,1.0,1.0
SSMB2-013,R01,CONDITIONAL,True,76,1.0,1.0,CONDITIONAL,True,76,1.0,1.0,CONDITIONAL,True,76,0.75,0.9,CONDITIONAL,True,76,1.0,1.0,CONDITIONAL,False,76,1.0,1.0,CONDITIONAL,True,77,1.0,1.0
SSMB2-013,R02,CONDITIONAL,True,76,1.0,1.0,CONDITIONAL,True,76,1.0,1.0,CONDITIONAL,True,76,0.75,0.9,CONDITIONAL,True,76,1.0,1.0,CONDITIONAL,False,76,1.0,1.0,CONDITIONAL,True,77,1.0,1.0
SSMB2-013,R03,CONDITIONAL,True,76,1.0,1.0,CONDITIONAL,True,76,1.0,1.0,CONDITIONAL,True,76,0.75,0.9,CONDITIONAL,True,76,1.0,1.0,CONDITIONAL,False,76,1.0,1.0,CONDITIONAL,True,77,1.0,1.0
SSMB2-013,R04,CONDITIONAL,True,76,1.0,1.0,CONDITIONAL,True,76,1.0,1.0,CONDITIONAL,True,76,0.75,0.9,CONDITIONAL,True,76,1.0,1.0,CONDITIONAL,False,76,1.0,1.0,CONDITIONAL,True,77,1.0,1.0
SSMB2-013,R05,CONDITIONAL,True,76,1.0,1.0,CONDITIONAL,True,76,1.0,1.0,CONDITIONAL,True,76,0.75,0.9,CONDITIONAL,True,76,1.0,1.0,CONDITIONAL,False,76,1.0,1.0,CONDITIONAL,True,77,1.0,1.0
SSMB2-013,R06,CONDITIONAL,True,76,1.0,1.0,CONDITIONAL,True,76,1.0,1.0,CONDITIONAL,True,76,0.75,0.9,CONDITIONAL,True,76,1.0,1.0,CONDITIONAL,False,76,1.0,1.0,CONDITIONAL,True,77,1.0,1.0
SSMB2-013,R07,CONDITIONAL,True,76,1.0,1.0,CONDITIONAL,True,76,1.0,1.0,CONDITIONAL,True,76,0.75,0.9,CONDITIONAL,True,76,1.0,1.0,CONDITIONAL,False,76,1.0,1.0,CONDITIONAL,True,77,1.0,1.0
SSMB2-013,R08,CONDITIONAL,True,76,1.0,1.0,CONDITIONAL,True,76,1.0,1.0,CONDITIONAL,True,76,0.75,0.9,CONDITIONAL,True,76,1.0,1.0,CONDITIONAL,False,76,1.0,1.0,CONDITIONAL,True,77,1.0,1.0
SSMB2-013,R09,CONDITIONAL,True,76,1.0,1.0,CONDITIONAL,True,76,1.0,1.0,CONDITIONAL,True,76,0.75,0.9,CONDITIONAL,True,76,1.0,1.0,CONDITIONAL,False,76,1.0,1.0,CONDITIONAL,True,77,1.0,1.0
SSMB2-014,R00,CONDITIONAL,True,88,1.0,1.0,CONDITIONAL,True,88,1.0,1.0,CONDITIONAL,True,88,0.75,0.9,CONDITIONAL,False,88,1.0,0.85,CONDITIONAL,False,88,1.0,1.0,CONDITIONAL,True,89,1.0,1.0
SSMB2-014,R01,CONDITIONAL,True,88,1.0,1.0,CONDITIONAL,True,88,1.0,1.0,CONDITIONAL,True,88,0.75,0.9,CONDITIONAL,False,88,1.0,0.85,CONDITIONAL,False,88,1.0,1.0,CONDITIONAL,True,89,1.0,1.0
SSMB2-014,R02,CONDITIONAL,True,88,1.0,1.0,CONDITIONAL,True,88,1.0,1.0,CONDITIONAL,True,88,0.75,0.9,CONDITIONAL,False,88,1.0,0.85,CONDITIONAL,False,88,1.0,1.0,CONDITIONAL,True,89,1.0,1.0
SSMB2-014,R03,CONDITIONAL,True,88,1.0,1.0,CONDITIONAL,True,88,1.0,1.0,CONDITIONAL,True,88,0.75,0.9,CONDITIONAL,False,88,1.0,0.85,CONDITIONAL,False,88,1.0,1.0,CONDITIONAL,True,89,1.0,1.0
SSMB2-014,R04,CONDITIONAL,True,88,1.0,1.0,CONDITIONAL,True,88,1.0,1.0,CONDITIONAL,True,88,0.75,0.9,CONDITIONAL,False,88,1.0,0.85,CONDITIONAL,False,88,1.0,1.0,CONDITIONAL,True,89,1.0,1.0
SSMB2-014,R05,CONDITIONAL,True,88,1.0,1.0,CONDITIONAL,True,88,1.0,1.0,CONDITIONAL,True,88,0.75,0.9,CONDITIONAL,False,88,1.0,0.85,CONDITIONAL,False,88,1.0,1.0,CONDITIONAL,True,89,1.0,1.0
SSMB2-014,R06,CONDITIONAL,True,88,1.0,1.0,CONDITIONAL,True,88,1.0,1.0,CONDITIONAL,True,88,0.75,0.9,CONDITIONAL,False,88,1.0,0.85,CONDITIONAL,False,88,1.0,1.0,CONDITIONAL,True,89,1.0,1.0
SSMB2-014,R07,CONDITIONAL,True,88,1.0,1.0,CONDITIONAL,True,88,1.0,1.0,CONDITIONAL,True,88,0.75,0.9,CONDITIONAL,False,88,1.0,0.85,CONDITIONAL,False,88,1.0,1.0,CONDITIONAL,True,89,1.0,1.0
SSMB2-014,R08,CONDITIONAL,True,88,1.0,1.0,CONDITIONAL,True,88,1.0,1.0,CONDITIONAL,True,88,0.75,0.9,CONDITIONAL,False,88,1.0,0.85,CONDITIONAL,False,88,1.0,1.0,CONDITIONAL,True,89,1.0,1.0
SSMB2-014,R09,CONDITIONAL,True,88,1.0,1.0,CONDITIONAL,True,88,1.0,1.0,CONDITIONAL,True,88,0.75,0.9,CONDITIONAL,False,88,1.0,0.85,CONDITIONAL,False,88,1.0,1.0,CONDITIONAL,True,89,1.0,1.0
SSMB2-015,R00,CONDITIONAL,True,76,1.0,0.9666666666666667,CONDITIONAL,True,76,1.0,0.9666666666666667,CONDITIONAL,True,76,0.75,0.8666666666666667,CONDITIONAL,True,76,1.0,0.9666666666666667,CONDITIONAL,False,76,1.0,0.9666666666666667,CONDITIONAL,True,77,1.0,0.9666666666666667
SSMB2-015,R01,CONDITIONAL,True,76,1.0,0.9666666666666667,CONDITIONAL,True,76,1.0,0.9666666666666667,CONDITIONAL,True,76,0.75,0.8666666666666667,CONDITIONAL,True,76,1.0,0.9666666666666667,CONDITIONAL,False,76,1.0,0.9666666666666667,CONDITIONAL,True,77,1.0,0.9666666666666667
SSMB2-015,R02,CONDITIONAL,True,76,1.0,0.9666666666666667,CONDITIONAL,True,76,1.0,0.9666666666666667,CONDITIONAL,True,76,0.75,0.8666666666666667,CONDITIONAL,True,76,1.0,0.9666666666666667,CONDITIONAL,False,76,1.0,0.9666666666666667,CONDITIONAL,True,77,1.0,0.9666666666666667
SSMB2-015,R03,CONDITIONAL,True,76,1.0,0.9666666666666667,CONDITIONAL,True,76,1.0,0.9666666666666667,CONDITIONAL,True,76,0.75,0.8666666666666667,CONDITIONAL,True,76,1.0,0.9666666666666667,CONDITIONAL,False,76,1.0,0.9666666666666667,CONDITIONAL,True,77,1.0,0.9666666666666667
SSMB2-015,R04,CONDITIONAL,True,76,1.0,0.9666666666666667,CONDITIONAL,True,76,1.0,0.9666666666666667,CONDITIONAL,True,76,0.75,0.8666666666666667,CONDITIONAL,True,76,1.0,0.9666666666666667,CONDITIONAL,False,76,1.0,0.9666666666666667,CONDITIONAL,True,77,1.0,0.9666666666666667
SSMB2-015,R05,CONDITIONAL,True,76,1.0,0.9666666666666667,CONDITIONAL,True,76,1.0,0.9666666666666667,CONDITIONAL,True,76,0.75,0.8666666666666667,CONDITIONAL,True,76,1.0,0.9666666666666667,CONDITIONAL,False,76,1.0,0.9666666666666667,CONDITIONAL,True,77,1.0,0.9666666666666667
SSMB2-015,R06,CONDITIONAL,True,76,1.0,0.9666666666666667,CONDITIONAL,True,76,1.0,0.9666666666666667,CONDITIONAL,True,76,0.75,0.8666666666666667,CONDITIONAL,True,76,1.0,0.9666666666666667,CONDITIONAL,False,76,1.0,0.9666666666666667,CONDITIONAL,True,77,1.0,0.9666666666666667
SSMB2-015,R07,CONDITIONAL,True,76,1.0,0.9666666666666667,CONDITIONAL,True,76,1.0,0.9666666666666667,CONDITIONAL,True,76,0.75,0.8666666666666667,CONDITIONAL,True,76,1.0,0.9666666666666667,CONDITIONAL,False,76,1.0,0.9666666666666667,CONDITIONAL,True,77,1.0,0.9666666666666667
SSMB2-015,R08,CONDITIONAL,True,76,1.0,0.9666666666666667,CONDITIONAL,True,76,1.0,0.9666666666666667,CONDITIONAL,True,76,0.75,0.8666666666666667,CONDITIONAL,True,76,1.0,0.9666666666666667,CONDITIONAL,False,76,1.0,0.9666666666666667,CONDITIONAL,True,77,1.0,0.9666666666666667
SSMB2-015,R09,CONDITIONAL,True,76,1.0,0.9666666666666667,CONDITIONAL,True,76,1.0,0.9666666666666667,CONDITIONAL,True,76,0.75,0.8666666666666667,CONDITIONAL,True,76,1.0,0.9666666666666667,CONDITIONAL,False,76,1.0,0.9666666666666667,CONDITIONAL,True,77,1.0,0.9666666666666667
SSMB2-016,R00,CONDITIONAL,True,94,1.0,1.0,CONDITIONAL,True,94,1.0,1.0,CONDITIONAL,True,94,0.75,0.9,CONDITIONAL,False,94,1.0,0.85,CONDITIONAL,False,94,1.0,1.0,CONDITIONAL,True,95,1.0,1.0
SSMB2-016,R01,CONDITIONAL,True,94,1.0,1.0,CONDITIONAL,True,94,1.0,1.0,CONDITIONAL,True,94,0.75,0.9,CONDITIONAL,False,94,1.0,0.85,CONDITIONAL,False,94,1.0,1.0,CONDITIONAL,True,95,1.0,1.0
SSMB2-016,R02,CONDITIONAL,True,94,1.0,1.0,CONDITIONAL,True,94,1.0,1.0,CONDITIONAL,True,94,0.75,0.9,CONDITIONAL,False,94,1.0,0.85,CONDITIONAL,False,94,1.0,1.0,CONDITIONAL,True,95,1.0,1.0
SSMB2-016,R03,CONDITIONAL,True,94,1.0,1.0,CONDITIONAL,True,94,1.0,1.0,CONDITIONAL,True,94,0.75,0.9,CONDITIONAL,False,94,1.0,0.85,CONDITIONAL,False,94,1.0,1.0,CONDITIONAL,True,95,1.0,1.0
SSMB2-016,R04,CONDITIONAL,True,94,1.0,1.0,CONDITIONAL,True,94,1.0,1.0,CONDITIONAL,True,94,0.75,0.9,CONDITIONAL,False,94,1.0,0.85,CONDITIONAL,False,94,1.0,1.0,CONDITIONAL,True,95,1.0,1.0
SSMB2-016,R05,CONDITIONAL,True,94,1.0,1.0,CONDITIONAL,True,94,1.0,1.0,CONDITIONAL,True,94,0.75,0.9,CONDITIONAL,False,94,1.0,0.85,CONDITIONAL,False,94,1.0,1.0,CONDITIONAL,True,95,1.0,1.0
SSMB2-016,R06,CONDITIONAL,True,94,1.0,1.0,CONDITIONAL,True,94,1.0,1.0,CONDITIONAL,True,94,0.75,0.9,CONDITIONAL,False,94,1.0,0.85,CONDITIONAL,False,94,1.0,1.0,CONDITIONAL,True,95,1.0,1.0
SSMB2-016,R07,CONDITIONAL,True,94,1.0,1.0,CONDITIONAL,True,94,1.0,1.0,CONDITIONAL,True,94,0.75,0.9,CONDITIONAL,False,94,1.0,0.85,CONDITIONAL,False,94,1.0,1.0,CONDITIONAL,True,95,1.0,1.0
SSMB2-016,R08,CONDITIONAL,True,94,1.0,1.0,CONDITIONAL,True,94,1.0,1.0,CONDITIONAL,True,94,0.75,0.9,CONDITIONAL,False,94,1.0,0.85,CONDITIONAL,False,94,1.0,1.0,CONDITIONAL,True,95,1.0,1.0
SSMB2-016,R09,CONDITIONAL,True,94,1.0,1.0,CONDITIONAL,True,94,1.0,1.0,CONDITIONAL,True,94,0.75,0.9,CONDITIONAL,False,94,1.0,0.85,CONDITIONAL,False,94,1.0,1.0,CONDITIONAL,True,95,1.0,1.0
SSMB2-017,R00,REJECTED,False,0,1.0,0.9666666666666667,REJECTED,False,0,1.0,0.9666666666666667,REJECTED,False,0,0.75,0.8666666666666667,REJECTED,False,0,1.0,0.8166666666666667,REJECTED,False,0,1.0,0.9666666666666667,REJECTED,False,0,1.0,0.9666666666666667
SSMB2-017,R01,REJECTED,False,0,1.0,0.9666666666666667,REJECTED,False,0,1.0,0.9666666666666667,REJECTED,False,0,0.75,0.8666666666666667,REJECTED,False,0,1.0,0.8166666666666667,REJECTED,False,0,1.0,0.9666666666666667,REJECTED,False,0,1.0,0.9666666666666667
SSMB2-017,R02,REJECTED,False,0,1.0,0.9666666666666667,REJECTED,False,0,1.0,0.9666666666666667,REJECTED,False,0,0.75,0.8666666666666667,REJECTED,False,0,1.0,0.8166666666666667,REJECTED,False,0,1.0,0.9666666666666667,REJECTED,False,0,1.0,0.9666666666666667
SSMB2-017,R03,REJECTED,False,0,1.0,0.9666666666666667,REJECTED,False,0,1.0,0.9666666666666667,REJECTED,False,0,0.75,0.8666666666666667,REJECTED,False,0,1.0,0.8166666666666667,REJECTED,False,0,1.0,0.9666666666666667,REJECTED,False,0,1.0,0.9666666666666667
SSMB2-017,R04,REJECTED,False,0,1.0,0.9666666666666667,REJECTED,False,0,1.0,0.9666666666666667,REJECTED,False,0,0.75,0.8666666666666667,REJECTED,False,0,1.0,0.8166666666666667,REJECTED,False,0,1.0,0.9666666666666667,REJECTED,False,0,1.0,0.9666666666666667
SSMB2-017,R05,REJECTED,False,0,1.0,0.9666666666666667,REJECTED,False,0,1.0,0.9666666666666667,REJECTED,False,0,0.75,0.8666666666666667,REJECTED,False,0,1.0,0.8166666666666667,REJECTED,False,0,1.0,0.9666666666666667,REJECTED,False,0,1.0,0.9666666666666667
SSMB2-017,R06,REJECTED,False,0,1.0,0.9666666666666667,REJECTED,False,0,1.0,0.9666666666666667,REJECTED,False,0,0.75,0.8666666666666667,REJECTED,False,0,1.0,0.8166666666666667,REJECTED,False,0,1.0,0.9666666666666667,REJECTED,False,0,1.0,0.9666666666666667
SSMB2-017,R07,REJECTED,False,0,1.0,0.9666666666666667,REJECTED,False,0,1.0,0.9666666666666667,REJECTED,False,0,0.75,0.8666666666666667,REJECTED,False,0,1.0,0.8166666666666667,REJECTED,False,0,1.0,0.9666666666666667,REJECTED,False,0,1.0,0.9666666666666667
SSMB2-017,R08,REJECTED,False,0,1.0,0.9666666666666667,REJECTED,False,0,1.0,0.9666666666666667,REJECTED,False,0,0.75,0.8666666666666667,REJECTED,False,0,1.0,0.8166666666666667,REJECTED,False,0,1.0,0.9666666666666667,REJECTED,False,0,1.0,0.9666666666666667
SSMB2-017,R09,REJECTED,False,0,1.0,0.9666666666666667,REJECTED,False,0,1.0,0.9666666666666667,REJECTED,False,0,0.75,0.8666666666666667,REJECTED,False,0,1.0,0.8166666666666667,REJECTED,False,0,1.0,0.9666666666666667,REJECTED,False,0,1.0,0.9666666666666667
SSMB2-018,R00,CONDITIONAL,True,94,1.0,1.0,CONDITIONAL,True,94,1.0,1.0,CONDITIONAL,True,94,0.75,0.9,CONDITIONAL,True,94,1.0,1.0,CONDITIONAL,False,94,1.0,1.0,CONDITIONAL,True,95,1.0,1.0
SSMB2-018,R01,CONDITIONAL,True,94,1.0,1.0,CONDITIONAL,True,94,1.0,1.0,CONDITIONAL,True,94,0.75,0.9,CONDITIONAL,True,94,1.0,1.0,CONDITIONAL,False,94,1.0,1.0,CONDITIONAL,True,95,1.0,1.0
SSMB2-018,R02,CONDITIONAL,True,94,1.0,1.0,CONDITIONAL,True,94,1.0,1.0,CONDITIONAL,True,94,0.75,0.9,CONDITIONAL,True,94,1.0,1.0,CONDITIONAL,False,94,1.0,1.0,CONDITIONAL,True,95,1.0,1.0
SSMB2-018,R03,CONDITIONAL,True,94,1.0,1.0,CONDITIONAL,True,94,1.0,1.0,CONDITIONAL,True,94,0.75,0.9,CONDITIONAL,True,94,1.0,1.0,CONDITIONAL,False,94,1.0,1.0,CONDITIONAL,True,95,1.0,1.0
SSMB2-018,R04,CONDITIONAL,True,94,1.0,1.0,CONDITIONAL,True,94,1.0,1.0,CONDITIONAL,True,94,0.75,0.9,CONDITIONAL,True,94,1.0,1.0,CONDITIONAL,False,94,1.0,1.0,CONDITIONAL,True,95,1.0,1.0
SSMB2-018,R05,CONDITIONAL,True,94,1.0,1.0,CONDITIONAL,True,94,1.0,1.0,CONDITIONAL,True,94,0.75,0.9,CONDITIONAL,True,94,1.0,1.0,CONDITIONAL,False,94,1.0,1.0,CONDITIONAL,True,95,1.0,1.0
SSMB2-018,R06,CONDITIONAL,True,94,1.0,1.0,CONDITIONAL,True,94,1.0,1.0,CONDITIONAL,True,94,0.75,0.9,CONDITIONAL,True,94,1.0,1.0,CONDITIONAL,False,94,1.0,1.0,CONDITIONAL,True,95,1.0,1.0
SSMB2-018,R07,CONDITIONAL,True,94,1.0,1.0,CONDITIONAL,True,94,1.0,1.0,CONDITIONAL,True,94,0.75,0.9,CONDITIONAL,True,94,1.0,1.0,CONDITIONAL,False,94,1.0,1.0,CONDITIONAL,True,95,1.0,1.0
SSMB2-018,R08,CONDITIONAL,True,94,1.0,1.0,CONDITIONAL,True,94,1.0,1.0,CONDITIONAL,True,94,0.75,0.9,CONDITIONAL,True,94,1.0,1.0,CONDITIONAL,False,94,1.0,1.0,CONDITIONAL,True,95,1.0,1.0
SSMB2-018,R09,CONDITIONAL,True,94,1.0,1.0,CONDITIONAL,True,94,1.0,1.0,CONDITIONAL,True,94,0.75,0.9,CONDITIONAL,True,94,1.0,1.0,CONDITIONAL,False,94,1.0,1.0,CONDITIONAL,True,95,1.0,1.0
SSMB2-019,R00,CONDITIONAL,True,88,1.0,0.9523809523809523,CONDITIONAL,True,88,1.0,0.9523809523809523,CONDITIONAL,True,88,0.75,0.8523809523809524,CONDITIONAL,False,88,1.0,0.8023809523809523,CONDITIONAL,False,88,1.0,0.9523809523809523,CONDITIONAL,True,89,1.0,0.9523809523809523
SSMB2-019,R01,CONDITIONAL,True,88,1.0,0.9523809523809523,CONDITIONAL,True,88,1.0,0.9523809523809523,CONDITIONAL,True,88,0.75,0.8523809523809524,CONDITIONAL,False,88,1.0,0.8023809523809523,CONDITIONAL,False,88,1.0,0.9523809523809523,CONDITIONAL,True,89,1.0,0.9523809523809523
SSMB2-019,R02,CONDITIONAL,True,88,1.0,0.9523809523809523,CONDITIONAL,True,88,1.0,0.9523809523809523,CONDITIONAL,True,88,0.75,0.8523809523809524,CONDITIONAL,False,88,1.0,0.8023809523809523,CONDITIONAL,False,88,1.0,0.9523809523809523,CONDITIONAL,True,89,1.0,0.9523809523809523
SSMB2-019,R03,CONDITIONAL,True,88,1.0,0.9523809523809523,CONDITIONAL,True,88,1.0,0.9523809523809523,CONDITIONAL,True,88,0.75,0.8523809523809524,CONDITIONAL,False,88,1.0,0.8023809523809523,CONDITIONAL,False,88,1.0,0.9523809523809523,CONDITIONAL,True,89,1.0,0.9523809523809523
SSMB2-019,R04,CONDITIONAL,True,88,1.0,0.9523809523809523,CONDITIONAL,True,88,1.0,0.9523809523809523,CONDITIONAL,True,88,0.75,0.8523809523809524,CONDITIONAL,False,88,1.0,0.8023809523809523,CONDITIONAL,False,88,1.0,0.9523809523809523,CONDITIONAL,True,89,1.0,0.9523809523809523
SSMB2-019,R05,CONDITIONAL,True,88,1.0,0.9523809523809523,CONDITIONAL,True,88,1.0,0.9523809523809523,CONDITIONAL,True,88,0.75,0.8523809523809524,CONDITIONAL,False,88,1.0,0.8023809523809523,CONDITIONAL,False,88,1.0,0.9523809523809523,CONDITIONAL,True,89,1.0,0.9523809523809523
SSMB2-019,R06,CONDITIONAL,True,88,1.0,0.9523809523809523,CONDITIONAL,True,88,1.0,0.9523809523809523,CONDITIONAL,True,88,0.75,0.8523809523809524,CONDITIONAL,False,88,1.0,0.8023809523809523,CONDITIONAL,False,88,1.0,0.9523809523809523,CONDITIONAL,True,89,1.0,0.9523809523809523
SSMB2-019,R07,CONDITIONAL,True,88,1.0,0.9523809523809523,CONDITIONAL,True,88,1.0,0.9523809523809523,CONDITIONAL,True,88,0.75,0.8523809523809524,CONDITIONAL,False,88,1.0,0.8023809523809523,CONDITIONAL,False,88,1.0,0.9523809523809523,CONDITIONAL,True,89,1.0,0.9523809523809523
SSMB2-019,R08,CONDITIONAL,True,88,1.0,0.9523809523809523,CONDITIONAL,True,88,1.0,0.9523809523809523,CONDITIONAL,True,88,0.75,0.8523809523809524,CONDITIONAL,False,88,1.0,0.8023809523809523,CONDITIONAL,False,88,1.0,0.9523809523809523,CONDITIONAL,True,89,1.0,0.9523809523809523
SSMB2-019,R09,CONDITIONAL,True,88,1.0,0.9523809523809523,CONDITIONAL,True,88,1.0,0.9523809523809523,CONDITIONAL,True,88,0.75,0.8523809523809524,CONDITIONAL,False,88,1.0,0.8023809523809523,CONDITIONAL,False,88,1.0,0.9523809523809523,CONDITIONAL,True,89,1.0,0.9523809523809523
SSMB2-020,R00,CONDITIONAL,True,81,1.0,0.9761904761904762,CONDITIONAL,True,81,1.0,0.9761904761904762,CONDITIONAL,True,81,0.75,0.8761904761904762,CONDITIONAL,False,81,1.0,0.8261904761904761,CONDITIONAL,False,81,1.0,0.9761904761904762,CONDITIONAL,True,82,1.0,0.9761904761904762
SSMB2-020,R01,CONDITIONAL,True,81,1.0,0.9761904761904762,CONDITIONAL,True,81,1.0,0.9761904761904762,CONDITIONAL,True,81,0.75,0.8761904761904762,CONDITIONAL,False,81,1.0,0.8261904761904761,CONDITIONAL,False,81,1.0,0.9761904761904762,CONDITIONAL,True,82,1.0,0.9761904761904762
SSMB2-020,R02,CONDITIONAL,True,81,1.0,0.9761904761904762,CONDITIONAL,True,81,1.0,0.9761904761904762,CONDITIONAL,True,81,0.75,0.8761904761904762,CONDITIONAL,False,81,1.0,0.8261904761904761,CONDITIONAL,False,81,1.0,0.9761904761904762,CONDITIONAL,True,82,1.0,0.9761904761904762
SSMB2-020,R03,CONDITIONAL,True,81,1.0,0.9761904761904762,CONDITIONAL,True,81,1.0,0.9761904761904762,CONDITIONAL,True,81,0.75,0.8761904761904762,CONDITIONAL,False,81,1.0,0.8261904761904761,CONDITIONAL,False,81,1.0,0.9761904761904762,CONDITIONAL,True,82,1.0,0.9761904761904762
SSMB2-020,R04,CONDITIONAL,True,81,1.0,0.9761904761904762,CONDITIONAL,True,81,1.0,0.9761904761904762,CONDITIONAL,True,81,0.75,0.8761904761904762,CONDITIONAL,False,81,1.0,0.8261904761904761,CONDITIONAL,False,81,1.0,0.9761904761904762,CONDITIONAL,True,82,1.0,0.9761904761904762
SSMB2-020,R05,CONDITIONAL,True,81,1.0,0.9761904761904762,CONDITIONAL,True,81,1.0,0.9761904761904762,CONDITIONAL,True,81,0.75,0.8761904761904762,CONDITIONAL,False,81,1.0,0.8261904761904761,CONDITIONAL,False,81,1.0,0.9761904761904762,CONDITIONAL,True,82,1.0,0.9761904761904762
SSMB2-020,R06,CONDITIONAL,True,81,1.0,0.9761904761904762,CONDITIONAL,True,81,1.0,0.9761904761904762,CONDITIONAL,True,81,0.75,0.8761904761904762,CONDITIONAL,False,81,1.0,0.8261904761904761,CONDITIONAL,False,81,1.0,0.9761904761904762,CONDITIONAL,True,82,1.0,0.9761904761904762
SSMB2-020,R07,CONDITIONAL,True,81,1.0,0.9761904761904762,CONDITIONAL,True,81,1.0,0.9761904761904762,CONDITIONAL,True,81,0.75,0.8761904761904762,CONDITIONAL,False,81,1.0,0.8261904761904761,CONDITIONAL,False,81,1.0,0.9761904761904762,CONDITIONAL,True,82,1.0,0.9761904761904762
SSMB2-020,R08,CONDITIONAL,True,81,1.0,0.9761904761904762,CONDITIONAL,True,81,1.0,0.9761904761904762,CONDITIONAL,True,81,0.75,0.8761904761904762,CONDITIONAL,False,81,1.0,0.8261904761904761,CONDITIONAL,False,81,1.0,0.9761904761904762,CONDITIONAL,True,82,1.0,0.9761904761904762
SSMB2-020,R09,CONDITIONAL,True,81,1.0,0.9761904761904762,CONDITIONAL,True,81,1.0,0.9761904761904762,CONDITIONAL,True,81,0.75,0.8761904761904762,CONDITIONAL,False,81,1.0,0.8261904761904761,CONDITIONAL,False,81,1.0,0.9761904761904762,CONDITIONAL,True,82,1.0,0.9761904761904762
SSMB2-021,R00,CONDITIONAL,True,76,1.0,0.9761904761904762,CONDITIONAL,True,76,1.0,0.9761904761904762,CONDITIONAL,True,76,0.75,0.8761904761904762,CONDITIONAL,False,76,1.0,0.8261904761904761,CONDITIONAL,False,76,1.0,0.9761904761904762,CONDITIONAL,True,77,1.0,0.9761904761904762
SSMB2-021,R01,CONDITIONAL,True,76,1.0,0.9761904761904762,CONDITIONAL,True,76,1.0,0.9761904761904762,CONDITIONAL,True,76,0.75,0.8761904761904762,CONDITIONAL,False,76,1.0,0.8261904761904761,CONDITIONAL,False,76,1.0,0.9761904761904762,CONDITIONAL,True,77,1.0,0.9761904761904762
SSMB2-021,R02,CONDITIONAL,True,76,1.0,0.9761904761904762,CONDITIONAL,True,76,1.0,0.9761904761904762,CONDITIONAL,True,76,0.75,0.8761904761904762,CONDITIONAL,False,76,1.0,0.8261904761904761,CONDITIONAL,False,76,1.0,0.9761904761904762,CONDITIONAL,True,77,1.0,0.9761904761904762
SSMB2-021,R03,CONDITIONAL,True,76,1.0,0.9761904761904762,CONDITIONAL,True,76,1.0,0.9761904761904762,CONDITIONAL,True,76,0.75,0.8761904761904762,CONDITIONAL,False,76,1.0,0.8261904761904761,CONDITIONAL,False,76,1.0,0.9761904761904762,CONDITIONAL,True,77,1.0,0.9761904761904762
SSMB2-021,R04,CONDITIONAL,True,76,1.0,0.9761904761904762,CONDITIONAL,True,76,1.0,0.9761904761904762,CONDITIONAL,True,76,0.75,0.8761904761904762,CONDITIONAL,False,76,1.0,0.8261904761904761,CONDITIONAL,False,76,1.0,0.9761904761904762,CONDITIONAL,True,77,1.0,0.9761904761904762
SSMB2-021,R05,CONDITIONAL,True,76,1.0,0.9761904761904762,CONDITIONAL,True,76,1.0,0.9761904761904762,CONDITIONAL,True,76,0.75,0.8761904761904762,CONDITIONAL,False,76,1.0,0.8261904761904761,CONDITIONAL,False,76,1.0,0.9761904761904762,CONDITIONAL,True,77,1.0,0.9761904761904762
SSMB2-021,R06,CONDITIONAL,True,76,1.0,0.9761904761904762,CONDITIONAL,True,76,1.0,0.9761904761904762,CONDITIONAL,True,76,0.75,0.8761904761904762,CONDITIONAL,False,76,1.0,0.8261904761904761,CONDITIONAL,False,76,1.0,0.9761904761904762,CONDITIONAL,True,77,1.0,0.9761904761904762
SSMB2-021,R07,CONDITIONAL,True,76,1.0,0.9761904761904762,CONDITIONAL,True,76,1.0,0.9761904761904762,CONDITIONAL,True,76,0.75,0.8761904761904762,CONDITIONAL,False,76,1.0,0.8261904761904761,CONDITIONAL,False,76,1.0,0.9761904761904762,CONDITIONAL,True,77,1.0,0.9761904761904762
SSMB2-021,R08,CONDITIONAL,True,76,1.0,0.9761904761904762,CONDITIONAL,True,76,1.0,0.9761904761904762,CONDITIONAL,True,76,0.75,0.8761904761904762,CONDITIONAL,False,76,1.0,0.8261904761904761,CONDITIONAL,False,76,1.0,0.9761904761904762,CONDITIONAL,True,77,1.0,0.9761904761904762
SSMB2-021,R09,CONDITIONAL,True,76,1.0,0.9761904761904762,CONDITIONAL,True,76,1.0,0.9761904761904762,CONDITIONAL,True,76,0.75,0.8761904761904762,CONDITIONAL,False,76,1.0,0.8261904761904761,CONDITIONAL,False,76,1.0,0.9761904761904762,CONDITIONAL,True,77,1.0,0.9761904761904762
SSMB2-022,R00,CONDITIONAL,True,81,1.0,0.9583333333333334,CONDITIONAL,True,81,1.0,0.9583333333333334,CONDITIONAL,True,81,0.75,0.8583333333333334,CONDITIONAL,False,81,1.0,0.8083333333333333,CONDITIONAL,False,81,1.0,0.9583333333333334,CONDITIONAL,True,82,1.0,0.9583333333333334
SSMB2-022,R01,CONDITIONAL,True,81,1.0,0.9583333333333334,CONDITIONAL,True,81,1.0,0.9583333333333334,CONDITIONAL,True,81,0.75,0.8583333333333334,CONDITIONAL,False,81,1.0,0.8083333333333333,CONDITIONAL,False,81,1.0,0.9583333333333334,CONDITIONAL,True,82,1.0,0.9583333333333334
SSMB2-022,R02,CONDITIONAL,True,81,1.0,0.9583333333333334,CONDITIONAL,True,81,1.0,0.9583333333333334,CONDITIONAL,True,81,0.75,0.8583333333333334,CONDITIONAL,False,81,1.0,0.8083333333333333,CONDITIONAL,False,81,1.0,0.9583333333333334,CONDITIONAL,True,82,1.0,0.9583333333333334
SSMB2-022,R03,CONDITIONAL,True,81,1.0,0.9583333333333334,CONDITIONAL,True,81,1.0,0.9583333333333334,CONDITIONAL,True,81,0.75,0.8583333333333334,CONDITIONAL,False,81,1.0,0.8083333333333333,CONDITIONAL,False,81,1.0,0.9583333333333334,CONDITIONAL,True,82,1.0,0.9583333333333334
SSMB2-022,R04,CONDITIONAL,True,81,1.0,0.9583333333333334,CONDITIONAL,True,81,1.0,0.9583333333333334,CONDITIONAL,True,81,0.75,0.8583333333333334,CONDITIONAL,False,81,1.0,0.8083333333333333,CONDITIONAL,False,81,1.0,0.9583333333333334,CONDITIONAL,True,82,1.0,0.9583333333333334
SSMB2-022,R05,CONDITIONAL,True,81,1.0,0.9583333333333334,CONDITIONAL,True,81,1.0,0.9583333333333334,CONDITIONAL,True,81,0.75,0.8583333333333334,CONDITIONAL,False,81,1.0,0.8083333333333333,CONDITIONAL,False,81,1.0,0.9583333333333334,CONDITIONAL,True,82,1.0,0.9583333333333334
SSMB2-022,R06,CONDITIONAL,True,81,1.0,0.9583333333333334,CONDITIONAL,True,81,1.0,0.9583333333333334,CONDITIONAL,True,81,0.75,0.8583333333333334,CONDITIONAL,False,81,1.0,0.8083333333333333,CONDITIONAL,False,81,1.0,0.9583333333333334,CONDITIONAL,True,82,1.0,0.9583333333333334
SSMB2-022,R07,CONDITIONAL,True,81,1.0,0.9583333333333334,CONDITIONAL,True,81,1.0,0.9583333333333334,CONDITIONAL,True,81,0.75,0.8583333333333334,CONDITIONAL,False,81,1.0,0.8083333333333333,CONDITIONAL,False,81,1.0,0.9583333333333334,CONDITIONAL,True,82,1.0,0.9583333333333334
SSMB2-022,R08,CONDITIONAL,True,81,1.0,0.9583333333333334,CONDITIONAL,True,81,1.0,0.9583333333333334,CONDITIONAL,True,81,0.75,0.8583333333333334,CONDITIONAL,False,81,1.0,0.8083333333333333,CONDITIONAL,False,81,1.0,0.9583333333333334,CONDITIONAL,True,82,1.0,0.9583333333333334
SSMB2-022,R09,CONDITIONAL,True,81,1.0,0.9583333333333334,CONDITIONAL,True,81,1.0,0.9583333333333334,CONDITIONAL,True,81,0.75,0.8583333333333334,CONDITIONAL,False,81,1.0,0.8083333333333333,CONDITIONAL,False,81,1.0,0.9583333333333334,CONDITIONAL,True,82,1.0,0.9583333333333334
SSMB2-023,R00,REJECTED,False,0,1.0,0.9444444444444444,REJECTED,False,0,1.0,0.9444444444444444,REJECTED,False,0,0.75,0.8444444444444444,REJECTED,False,0,1.0,0.7944444444444444,REJECTED,False,0,1.0,0.9444444444444444,REJECTED,False,0,1.0,0.9444444444444444
SSMB2-023,R01,REJECTED,False,0,1.0,0.9444444444444444,REJECTED,False,0,1.0,0.9444444444444444,REJECTED,False,0,0.75,0.8444444444444444,REJECTED,False,0,1.0,0.7944444444444444,REJECTED,False,0,1.0,0.9444444444444444,REJECTED,False,0,1.0,0.9444444444444444
SSMB2-023,R02,REJECTED,False,0,1.0,0.9444444444444444,REJECTED,False,0,1.0,0.9444444444444444,REJECTED,False,0,0.75,0.8444444444444444,REJECTED,False,0,1.0,0.7944444444444444,REJECTED,False,0,1.0,0.9444444444444444,REJECTED,False,0,1.0,0.9444444444444444
SSMB2-023,R03,REJECTED,False,0,1.0,0.9444444444444444,REJECTED,False,0,1.0,0.9444444444444444,REJECTED,False,0,0.75,0.8444444444444444,REJECTED,False,0,1.0,0.7944444444444444,REJECTED,False,0,1.0,0.9444444444444444,REJECTED,False,0,1.0,0.9444444444444444
SSMB2-023,R04,REJECTED,False,0,1.0,0.9444444444444444,REJECTED,False,0,1.0,0.9444444444444444,REJECTED,False,0,0.75,0.8444444444444444,REJECTED,False,0,1.0,0.7944444444444444,REJECTED,False,0,1.0,0.9444444444444444,REJECTED,False,0,1.0,0.9444444444444444
SSMB2-023,R05,REJECTED,False,0,1.0,0.9444444444444444,REJECTED,False,0,1.0,0.9444444444444444,REJECTED,False,0,0.75,0.8444444444444444,REJECTED,False,0,1.0,0.7944444444444444,REJECTED,False,0,1.0,0.9444444444444444,REJECTED,False,0,1.0,0.9444444444444444
SSMB2-023,R06,REJECTED,False,0,1.0,0.9444444444444444,REJECTED,False,0,1.0,0.9444444444444444,REJECTED,False,0,0.75,0.8444444444444444,REJECTED,False,0,1.0,0.7944444444444444,REJECTED,False,0,1.0,0.9444444444444444,REJECTED,False,0,1.0,0.9444444444444444
SSMB2-023,R07,REJECTED,False,0,1.0,0.9444444444444444,REJECTED,False,0,1.0,0.9444444444444444,REJECTED,False,0,0.75,0.8444444444444444,REJECTED,False,0,1.0,0.7944444444444444,REJECTED,False,0,1.0,0.9444444444444444,REJECTED,False,0,1.0,0.9444444444444444
SSMB2-023,R08,REJECTED,False,0,1.0,0.9444444444444444,REJECTED,False,0,1.0,0.9444444444444444,REJECTED,False,0,0.75,0.8444444444444444,REJECTED,False,0,1.0,0.7944444444444444,REJECTED,False,0,1.0,0.9444444444444444,REJECTED,False,0,1.0,0.9444444444444444
SSMB2-023,R09,REJECTED,False,0,1.0,0.9444444444444444,REJECTED,False,0,1.0,0.9444444444444444,REJECTED,False,0,0.75,0.8444444444444444,REJECTED,False,0,1.0,0.7944444444444444,REJECTED,False,0,1.0,0.9444444444444444,REJECTED,False,0,1.0,0.9444444444444444
SSMB2-024,R00,CONDITIONAL,True,88,1.0,1.0,CONDITIONAL,True,88,1.0,1.0,CONDITIONAL,True,88,0.75,0.9,CONDITIONAL,True,88,1.0,1.0,CONDITIONAL,False,88,1.0,1.0,CONDITIONAL,True,89,1.0,1.0
SSMB2-024,R01,CONDITIONAL,True,88,1.0,1.0,CONDITIONAL,True,88,1.0,1.0,CONDITIONAL,True,88,0.75,0.9,CONDITIONAL,True,88,1.0,1.0,CONDITIONAL,False,88,1.0,1.0,CONDITIONAL,True,89,1.0,1.0
SSMB2-024,R02,CONDITIONAL,True,88,1.0,1.0,CONDITIONAL,True,88,1.0,1.0,CONDITIONAL,True,88,0.75,0.9,CONDITIONAL,True,88,1.0,1.0,CONDITIONAL,False,88,1.0,1.0,CONDITIONAL,True,89,1.0,1.0
SSMB2-024,R03,CONDITIONAL,True,88,1.0,1.0,CONDITIONAL,True,88,1.0,1.0,CONDITIONAL,True,88,0.75,0.9,CONDITIONAL,True,88,1.0,1.0,CONDITIONAL,False,88,1.0,1.0,CONDITIONAL,True,89,1.0,1.0
SSMB2-024,R04,CONDITIONAL,True,88,1.0,1.0,CONDITIONAL,True,88,1.0,1.0,CONDITIONAL,True,88,0.75,0.9,CONDITIONAL,True,88,1.0,1.0,CONDITIONAL,False,88,1.0,1.0,CONDITIONAL,True,89,1.0,1.0
SSMB2-024,R05,CONDITIONAL,True,88,1.0,1.0,CONDITIONAL,True,88,1.0,1.0,CONDITIONAL,True,88,0.75,0.9,CONDITIONAL,True,88,1.0,1.0,CONDITIONAL,False,88,1.0,1.0,CONDITIONAL,True,89,1.0,1.0
SSMB2-024,R06,CONDITIONAL,True,88,1.0,1.0,CONDITIONAL,True,88,1.0,1.0,CONDITIONAL,True,88,0.75,0.9,CONDITIONAL,True,88,1.0,1.0,CONDITIONAL,False,88,1.0,1.0,CONDITIONAL,True,89,1.0,1.0
SSMB2-024,R07,CONDITIONAL,True,88,1.0,1.0,CONDITIONAL,True,88,1.0,1.0,CONDITIONAL,True,88,0.75,0.9,CONDITIONAL,True,88,1.0,1.0,CONDITIONAL,False,88,1.0,1.0,CONDITIONAL,True,89,1.0,1.0
SSMB2-024,R08,CONDITIONAL,True,88,1.0,1.0,CONDITIONAL,True,88,1.0,1.0,CONDITIONAL,True,88,0.75,0.9,CONDITIONAL,True,88,1.0,1.0,CONDITIONAL,False,88,1.0,1.0,CONDITIONAL,True,89,1.0,1.0
SSMB2-024,R09,CONDITIONAL,True,88,1.0,1.0,CONDITIONAL,True,88,1.0,1.0,CONDITIONAL,True,88,0.75,0.9,CONDITIONAL,True,88,1.0,1.0,CONDITIONAL,False,88,1.0,1.0,CONDITIONAL,True,89,1.0,1.0
SSMB2-025,R00,REJECTED,False,0,1.0,0.9722222222222222,REJECTED,False,0,1.0,0.9722222222222222,REJECTED,False,0,0.75,0.8722222222222222,REJECTED,False,0,1.0,0.8222222222222222,REJECTED,False,0,1.0,0.9722222222222222,REJECTED,False,0,1.0,0.9722222222222222
SSMB2-025,R01,REJECTED,False,0,1.0,0.9722222222222222,REJECTED,False,0,1.0,0.9722222222222222,REJECTED,False,0,0.75,0.8722222222222222,REJECTED,False,0,1.0,0.8222222222222222,REJECTED,False,0,1.0,0.9722222222222222,REJECTED,False,0,1.0,0.9722222222222222
SSMB2-025,R02,REJECTED,False,0,1.0,0.9722222222222222,REJECTED,False,0,1.0,0.9722222222222222,REJECTED,False,0,0.75,0.8722222222222222,REJECTED,False,0,1.0,0.8222222222222222,REJECTED,False,0,1.0,0.9722222222222222,REJECTED,False,0,1.0,0.9722222222222222
SSMB2-025,R03,REJECTED,False,0,1.0,0.9722222222222222,REJECTED,False,0,1.0,0.9722222222222222,REJECTED,False,0,0.75,0.8722222222222222,REJECTED,False,0,1.0,0.8222222222222222,REJECTED,False,0,1.0,0.9722222222222222,REJECTED,False,0,1.0,0.9722222222222222
SSMB2-025,R04,REJECTED,False,0,1.0,0.9722222222222222,REJECTED,False,0,1.0,0.9722222222222222,REJECTED,False,0,0.75,0.8722222222222222,REJECTED,False,0,1.0,0.8222222222222222,REJECTED,False,0,1.0,0.9722222222222222,REJECTED,False,0,1.0,0.9722222222222222
SSMB2-025,R05,REJECTED,False,0,1.0,0.9722222222222222,REJECTED,False,0,1.0,0.9722222222222222,REJECTED,False,0,0.75,0.8722222222222222,REJECTED,False,0,1.0,0.8222222222222222,REJECTED,False,0,1.0,0.9722222222222222,REJECTED,False,0,1.0,0.9722222222222222
SSMB2-025,R06,REJECTED,False,0,1.0,0.9722222222222222,REJECTED,False,0,1.0,0.9722222222222222,REJECTED,False,0,0.75,0.8722222222222222,REJECTED,False,0,1.0,0.8222222222222222,REJECTED,False,0,1.0,0.9722222222222222,REJECTED,False,0,1.0,0.9722222222222222
SSMB2-025,R07,REJECTED,False,0,1.0,0.9722222222222222,REJECTED,False,0,1.0,0.9722222222222222,REJECTED,False,0,0.75,0.8722222222222222,REJECTED,False,0,1.0,0.8222222222222222,REJECTED,False,0,1.0,0.9722222222222222,REJECTED,False,0,1.0,0.9722222222222222
SSMB2-025,R08,REJECTED,False,0,1.0,0.9722222222222222,REJECTED,False,0,1.0,0.9722222222222222,REJECTED,False,0,0.75,0.8722222222222222,REJECTED,False,0,1.0,0.8222222222222222,REJECTED,False,0,1.0,0.9722222222222222,REJECTED,False,0,1.0,0.9722222222222222
SSMB2-025,R09,REJECTED,False,0,1.0,0.9722222222222222,REJECTED,False,0,1.0,0.9722222222222222,REJECTED,False,0,0.75,0.8722222222222222,REJECTED,False,0,1.0,0.8222222222222222,REJECTED,False,0,1.0,0.9722222222222222,REJECTED,False,0,1.0,0.9722222222222222
SSMB2-026,R00,CONDITIONAL,True,94,1.0,1.0,CONDITIONAL,True,94,1.0,1.0,CONDITIONAL,True,94,0.75,0.9,CONDITIONAL,False,94,1.0,0.85,CONDITIONAL,False,94,1.0,1.0,CONDITIONAL,True,95,1.0,1.0
SSMB2-026,R01,CONDITIONAL,True,94,1.0,1.0,CONDITIONAL,True,94,1.0,1.0,CONDITIONAL,True,94,0.75,0.9,CONDITIONAL,False,94,1.0,0.85,CONDITIONAL,False,94,1.0,1.0,CONDITIONAL,True,95,1.0,1.0
SSMB2-026,R02,CONDITIONAL,True,94,1.0,1.0,CONDITIONAL,True,94,1.0,1.0,CONDITIONAL,True,94,0.75,0.9,CONDITIONAL,False,94,1.0,0.85,CONDITIONAL,False,94,1.0,1.0,CONDITIONAL,True,95,1.0,1.0
SSMB2-026,R03,CONDITIONAL,True,94,1.0,1.0,CONDITIONAL,True,94,1.0,1.0,CONDITIONAL,True,94,0.75,0.9,CONDITIONAL,False,94,1.0,0.85,CONDITIONAL,False,94,1.0,1.0,CONDITIONAL,True,95,1.0,1.0
SSMB2-026,R04,CONDITIONAL,True,94,1.0,1.0,CONDITIONAL,True,94,1.0,1.0,CONDITIONAL,True,94,0.75,0.9,CONDITIONAL,False,94,1.0,0.85,CONDITIONAL,False,94,1.0,1.0,CONDITIONAL,True,95,1.0,1.0
SSMB2-026,R05,CONDITIONAL,True,94,1.0,1.0,CONDITIONAL,True,94,1.0,1.0,CONDITIONAL,True,94,0.75,0.9,CONDITIONAL,False,94,1.0,0.85,CONDITIONAL,False,94,1.0,1.0,CONDITIONAL,True,95,1.0,1.0
SSMB2-026,R06,CONDITIONAL,True,94,1.0,1.0,CONDITIONAL,True,94,1.0,1.0,CONDITIONAL,True,94,0.75,0.9,CONDITIONAL,False,94,1.0,0.85,CONDITIONAL,False,94,1.0,1.0,CONDITIONAL,True,95,1.0,1.0
SSMB2-026,R07,CONDITIONAL,True,94,1.0,1.0,CONDITIONAL,True,94,1.0,1.0,CONDITIONAL,True,94,0.75,0.9,CONDITIONAL,False,94,1.0,0.85,CONDITIONAL,False,94,1.0,1.0,CONDITIONAL,True,95,1.0,1.0
SSMB2-026,R08,CONDITIONAL,True,94,1.0,1.0,CONDITIONAL,True,94,1.0,1.0,CONDITIONAL,True,94,0.75,0.9,CONDITIONAL,False,94,1.0,0.85,CONDITIONAL,False,94,1.0,1.0,CONDITIONAL,True,95,1.0,1.0
SSMB2-026,R09,CONDITIONAL,True,94,1.0,1.0,CONDITIONAL,True,94,1.0,1.0,CONDITIONAL,True,94,0.75,0.9,CONDITIONAL,False,94,1.0,0.85,CONDITIONAL,False,94,1.0,1.0,CONDITIONAL,True,95,1.0,1.0
SSMB2-027,R00,REJECTED,False,0,1.0,1.0,REJECTED,False,0,1.0,1.0,REJECTED,False,0,0.75,0.9,REJECTED,False,0,1.0,0.85,REJECTED,False,0,1.0,1.0,REJECTED,False,0,1.0,1.0
SSMB2-027,R01,REJECTED,False,0,1.0,1.0,REJECTED,False,0,1.0,1.0,REJECTED,False,0,0.75,0.9,REJECTED,False,0,1.0,0.85,REJECTED,False,0,1.0,1.0,REJECTED,False,0,1.0,1.0
SSMB2-027,R02,REJECTED,False,0,1.0,1.0,REJECTED,False,0,1.0,1.0,REJECTED,False,0,0.75,0.9,REJECTED,False,0,1.0,0.85,REJECTED,False,0,1.0,1.0,REJECTED,False,0,1.0,1.0
SSMB2-027,R03,REJECTED,False,0,1.0,1.0,REJECTED,False,0,1.0,1.0,REJECTED,False,0,0.75,0.9,REJECTED,False,0,1.0,0.85,REJECTED,False,0,1.0,1.0,REJECTED,False,0,1.0,1.0
SSMB2-027,R04,REJECTED,False,0,1.0,1.0,REJECTED,False,0,1.0,1.0,REJECTED,False,0,0.75,0.9,REJECTED,False,0,1.0,0.85,REJECTED,False,0,1.0,1.0,REJECTED,False,0,1.0,1.0
SSMB2-027,R05,REJECTED,False,0,1.0,1.0,REJECTED,False,0,1.0,1.0,REJECTED,False,0,0.75,0.9,REJECTED,False,0,1.0,0.85,REJECTED,False,0,1.0,1.0,REJECTED,False,0,1.0,1.0
SSMB2-027,R06,REJECTED,False,0,1.0,1.0,REJECTED,False,0,1.0,1.0,REJECTED,False,0,0.75,0.9,REJECTED,False,0,1.0,0.85,REJECTED,False,0,1.0,1.0,REJECTED,False,0,1.0,1.0
SSMB2-027,R07,REJECTED,False,0,1.0,1.0,REJECTED,False,0,1.0,1.0,REJECTED,False,0,0.75,0.9,REJECTED,False,0,1.0,0.85,REJECTED,False,0,1.0,1.0,REJECTED,False,0,1.0,1.0
SSMB2-027,R08,REJECTED,False,0,1.0,1.0,REJECTED,False,0,1.0,1.0,REJECTED,False,0,0.75,0.9,REJECTED,False,0,1.0,0.85,REJECTED,False,0,1.0,1.0,REJECTED,False,0,1.0,1.0
SSMB2-027,R09,REJECTED,False,0,1.0,1.0,REJECTED,False,0,1.0,1.0,REJECTED,False,0,0.75,0.9,REJECTED,False,0,1.0,0.85,REJECTED,False,0,1.0,1.0,REJECTED,False,0,1.0,1.0
SSMB2-028,R00,REJECTED,False,0,1.0,0.9444444444444444,REJECTED,False,0,1.0,0.9444444444444444,REJECTED,False,0,0.75,0.8444444444444444,REJECTED,False,0,1.0,0.7944444444444444,REJECTED,False,0,1.0,0.9444444444444444,REJECTED,False,0,1.0,0.9444444444444444
SSMB2-028,R01,REJECTED,False,0,1.0,0.9444444444444444,REJECTED,False,0,1.0,0.9444444444444444,REJECTED,False,0,0.75,0.8444444444444444,REJECTED,False,0,1.0,0.7944444444444444,REJECTED,False,0,1.0,0.9444444444444444,REJECTED,False,0,1.0,0.9444444444444444
SSMB2-028,R02,REJECTED,False,0,1.0,0.9444444444444444,REJECTED,False,0,1.0,0.9444444444444444,REJECTED,False,0,0.75,0.8444444444444444,REJECTED,False,0,1.0,0.7944444444444444,REJECTED,False,0,1.0,0.9444444444444444,REJECTED,False,0,1.0,0.9444444444444444
SSMB2-028,R03,REJECTED,False,0,1.0,0.9444444444444444,REJECTED,False,0,1.0,0.9444444444444444,REJECTED,False,0,0.75,0.8444444444444444,REJECTED,False,0,1.0,0.7944444444444444,REJECTED,False,0,1.0,0.9444444444444444,REJECTED,False,0,1.0,0.9444444444444444
SSMB2-028,R04,REJECTED,False,0,1.0,0.9444444444444444,REJECTED,False,0,1.0,0.9444444444444444,REJECTED,False,0,0.75,0.8444444444444444,REJECTED,False,0,1.0,0.7944444444444444,REJECTED,False,0,1.0,0.9444444444444444,REJECTED,False,0,1.0,0.9444444444444444
SSMB2-028,R05,REJECTED,False,0,1.0,0.9444444444444444,REJECTED,False,0,1.0,0.9444444444444444,REJECTED,False,0,0.75,0.8444444444444444,REJECTED,False,0,1.0,0.7944444444444444,REJECTED,False,0,1.0,0.9444444444444444,REJECTED,False,0,1.0,0.9444444444444444
SSMB2-028,R06,REJECTED,False,0,1.0,0.9444444444444444,REJECTED,False,0,1.0,0.9444444444444444,REJECTED,False,0,0.75,0.8444444444444444,REJECTED,False,0,1.0,0.7944444444444444,REJECTED,False,0,1.0,0.9444444444444444,REJECTED,False,0,1.0,0.9444444444444444
SSMB2-028,R07,REJECTED,False,0,1.0,0.9444444444444444,REJECTED,False,0,1.0,0.9444444444444444,REJECTED,False,0,0.75,0.8444444444444444,REJECTED,False,0,1.0,0.7944444444444444,REJECTED,False,0,1.0,0.9444444444444444,REJECTED,False,0,1.0,0.9444444444444444
SSMB2-028,R08,REJECTED,False,0,1.0,0.9444444444444444,REJECTED,False,0,1.0,0.9444444444444444,REJECTED,False,0,0.75,0.8444444444444444,REJECTED,False,0,1.0,0.7944444444444444,REJECTED,False,0,1.0,0.9444444444444444,REJECTED,False,0,1.0,0.9444444444444444
SSMB2-028,R09,REJECTED,False,0,1.0,0.9444444444444444,REJECTED,False,0,1.0,0.9444444444444444,REJECTED,False,0,0.75,0.8444444444444444,REJECTED,False,0,1.0,0.7944444444444444,REJECTED,False,0,1.0,0.9444444444444444,REJECTED,False,0,1.0,0.9444444444444444
SSMB2-029,R00,REJECTED,False,0,1.0,0.9444444444444444,REJECTED,False,0,1.0,0.9444444444444444,REJECTED,False,0,0.75,0.8444444444444444,REJECTED,False,0,1.0,0.9444444444444444,REJECTED,False,0,1.0,0.9444444444444444,REJECTED,False,0,1.0,0.9444444444444444
SSMB2-029,R01,REJECTED,False,0,1.0,0.9444444444444444,REJECTED,False,0,1.0,0.9444444444444444,REJECTED,False,0,0.75,0.8444444444444444,REJECTED,False,0,1.0,0.9444444444444444,REJECTED,False,0,1.0,0.9444444444444444,REJECTED,False,0,1.0,0.9444444444444444
SSMB2-029,R02,REJECTED,False,0,1.0,0.9444444444444444,REJECTED,False,0,1.0,0.9444444444444444,REJECTED,False,0,0.75,0.8444444444444444,REJECTED,False,0,1.0,0.9444444444444444,REJECTED,False,0,1.0,0.9444444444444444,REJECTED,False,0,1.0,0.9444444444444444
SSMB2-029,R03,REJECTED,False,0,1.0,0.9444444444444444,REJECTED,False,0,1.0,0.9444444444444444,REJECTED,False,0,0.75,0.8444444444444444,REJECTED,False,0,1.0,0.9444444444444444,REJECTED,False,0,1.0,0.9444444444444444,REJECTED,False,0,1.0,0.9444444444444444
SSMB2-029,R04,REJECTED,False,0,1.0,0.9444444444444444,REJECTED,False,0,1.0,0.9444444444444444,REJECTED,False,0,0.75,0.8444444444444444,REJECTED,False,0,1.0,0.9444444444444444,REJECTED,False,0,1.0,0.9444444444444444,REJECTED,False,0,1.0,0.9444444444444444
SSMB2-029,R05,REJECTED,False,0,1.0,0.9444444444444444,REJECTED,False,0,1.0,0.9444444444444444,REJECTED,False,0,0.75,0.8444444444444444,REJECTED,False,0,1.0,0.9444444444444444,REJECTED,False,0,1.0,0.9444444444444444,REJECTED,False,0,1.0,0.9444444444444444
SSMB2-029,R06,REJECTED,False,0,1.0,0.9444444444444444,REJECTED,False,0,1.0,0.9444444444444444,REJECTED,False,0,0.75,0.8444444444444444,REJECTED,False,0,1.0,0.9444444444444444,REJECTED,False,0,1.0,0.9444444444444444,REJECTED,False,0,1.0,0.9444444444444444
SSMB2-029,R07,REJECTED,False,0,1.0,0.9444444444444444,REJECTED,False,0,1.0,0.9444444444444444,REJECTED,False,0,0.75,0.8444444444444444,REJECTED,False,0,1.0,0.9444444444444444,REJECTED,False,0,1.0,0.9444444444444444,REJECTED,False,0,1.0,0.9444444444444444
SSMB2-029,R08,REJECTED,False,0,1.0,0.9444444444444444,REJECTED,False,0,1.0,0.9444444444444444,REJECTED,False,0,0.75,0.8444444444444444,REJECTED,False,0,1.0,0.9444444444444444,REJECTED,False,0,1.0,0.9444444444444444,REJECTED,False,0,1.0,0.9444444444444444
SSMB2-029,R09,REJECTED,False,0,1.0,0.9444444444444444,REJECTED,False,0,1.0,0.9444444444444444,REJECTED,False,0,0.75,0.8444444444444444,REJECTED,False,0,1.0,0.9444444444444444,REJECTED,False,0,1.0,0.9444444444444444,REJECTED,False,0,1.0,0.9444444444444444
SSMB2-030,R00,REJECTED,False,0,1.0,1.0,REJECTED,False,0,1.0,1.0,REJECTED,False,0,1.0,1.0,REJECTED,False,0,1.0,1.0,REJECTED,False,0,1.0,1.0,REJECTED,False,0,1.0,1.0
SSMB2-030,R01,REJECTED,False,0,1.0,1.0,REJECTED,False,0,1.0,1.0,REJECTED,False,0,1.0,1.0,REJECTED,False,0,1.0,1.0,REJECTED,False,0,1.0,1.0,REJECTED,False,0,1.0,1.0
SSMB2-030,R02,REJECTED,False,0,1.0,1.0,REJECTED,False,0,1.0,1.0,REJECTED,False,0,1.0,1.0,REJECTED,False,0,1.0,1.0,REJECTED,False,0,1.0,1.0,REJECTED,False,0,1.0,1.0
SSMB2-030,R03,REJECTED,False,0,1.0,1.0,REJECTED,False,0,1.0,1.0,REJECTED,False,0,1.0,1.0,REJECTED,False,0,1.0,1.0,REJECTED,False,0,1.0,1.0,REJECTED,False,0,1.0,1.0
SSMB2-030,R04,REJECTED,False,0,1.0,1.0,REJECTED,False,0,1.0,1.0,REJECTED,False,0,1.0,1.0,REJECTED,False,0,1.0,1.0,REJECTED,False,0,1.0,1.0,REJECTED,False,0,1.0,1.0
SSMB2-030,R05,REJECTED,False,0,1.0,1.0,REJECTED,False,0,1.0,1.0,REJECTED,False,0,1.0,1.0,REJECTED,False,0,1.0,1.0,REJECTED,False,0,1.0,1.0,REJECTED,False,0,1.0,1.0
SSMB2-030,R06,REJECTED,False,0,1.0,1.0,REJECTED,False,0,1.0,1.0,REJECTED,False,0,1.0,1.0,REJECTED,False,0,1.0,1.0,REJECTED,False,0,1.0,1.0,REJECTED,False,0,1.0,1.0
SSMB2-030,R07,REJECTED,False,0,1.0,1.0,REJECTED,False,0,1.0,1.0,REJECTED,False,0,1.0,1.0,REJECTED,False,0,1.0,1.0,REJECTED,False,0,1.0,1.0,REJECTED,False,0,1.0,1.0
SSMB2-030,R08,REJECTED,False,0,1.0,1.0,REJECTED,False,0,1.0,1.0,REJECTED,False,0,1.0,1.0,REJECTED,False,0,1.0,1.0,REJECTED,False,0,1.0,1.0,REJECTED,False,0,1.0,1.0
SSMB2-030,R09,REJECTED,False,0,1.0,1.0,REJECTED,False,0,1.0,1.0,REJECTED,False,0,1.0,1.0,REJECTED,False,0,1.0,1.0,REJECTED,False,0,1.0,1.0,REJECTED,False,0,1.0,1.0
